Src,Eqid,Version,Datetime,Lat,Lon,Magnitude,Depth,NST,Region
ci,11247066,0,"Wednesday, February 20, 2013 03:57:03 UTC",33.4843,-116.5890,1.5,11.20,60,"Southern California"
nc,71940835,1,"Wednesday, February 20, 2013 03:33:42 UTC",38.8335,-122.8077,2.2,2.30,30,"Northern California"
nn,00403782,9,"Wednesday, February 20, 2013 03:25:58 UTC",37.9698,-118.0838,1.2,7.30,17,"Nevada"
ci,11247058,0,"Wednesday, February 20, 2013 03:14:45 UTC",36.2417,-118.3170,1.9,4.00,21,"Central California"
nc,71940820,0,"Wednesday, February 20, 2013 03:12:11 UTC",39.6433,-123.3523,2.1,11.40,15,"Northern California"
nc,71940815,0,"Wednesday, February 20, 2013 03:10:11 UTC",38.8197,-122.7927,1.0,3.50,17,"Northern California"
ak,10658790,1,"Wednesday, February 20, 2013 02:56:17 UTC",63.2178,-147.1041,1.6,4.10,15,"Central Alaska"
us,c000fahd,5,"Wednesday, February 20, 2013 02:50:00 UTC",-18.7963,-177.3860,4.9,628.00,35,"Fiji region"
nc,71940800,0,"Wednesday, February 20, 2013 02:42:17 UTC",38.7890,-122.7688,1.6,3.70,22,"Northern California"
nn,00403779,9,"Wednesday, February 20, 2013 02:30:17 UTC",38.0275,-118.0635,1.2,13.30,11,"Nevada"
ak,10658778,1,"Wednesday, February 20, 2013 02:29:49 UTC",61.5535,-146.2274,1.9,41.40,15,"Southern Alaska"
ak,10658772,1,"Wednesday, February 20, 2013 02:15:07 UTC",59.9766,-152.6013,2.3,70.10,14,"Southern Alaska"
nc,71940775,0,"Wednesday, February 20, 2013 01:53:33 UTC",38.8265,-122.8228,1.3,2.80,17,"Northern California"
ci,11247042,0,"Wednesday, February 20, 2013 01:40:03 UTC",33.4915,-116.5893,1.1,12.00,37,"Southern California"
nc,71940760,0,"Wednesday, February 20, 2013 01:34:38 UTC",36.5980,-121.1735,1.3,6.90, 6,"Central California"
nc,71940755,1,"Wednesday, February 20, 2013 01:30:47 UTC",36.8650,-121.5972,2.2,5.80,35,"Central California"
ci,11247026,0,"Wednesday, February 20, 2013 00:56:36 UTC",33.0180,-116.3075,1.5,11.80,45,"Southern California"
ak,10658608,1,"Wednesday, February 20, 2013 00:13:34 UTC",64.9605,-147.4526,1.4,0.10, 9,"Central Alaska"
us,c000faep,8,"Wednesday, February 20, 2013 00:09:19 UTC",-10.7867,166.8660,5.6,10.00,322,"Santa Cruz Islands"
ci,11246978,0,"Tuesday, February 19, 2013 23:32:25 UTC",33.4722,-116.8805,1.1,15.60,35,"Southern California"
ci,11246970,0,"Tuesday, February 19, 2013 23:22:34 UTC",33.5757,-117.5978,1.8,7.70,20,"Greater Los Angeles area, California"
ak,10658588,2,"Tuesday, February 19, 2013 23:02:00 UTC",54.9654,-159.0219,3.1,4.80,15,"south of Alaska"
ci,11246946,0,"Tuesday, February 19, 2013 22:58:22 UTC",33.5990,-116.8140,1.0,11.30,27,"Southern California"
nn,00403749,9,"Tuesday, February 19, 2013 22:31:32 UTC",38.0302,-118.0423,1.5,0.00,14,"Nevada"
us,c000fad1,8,"Tuesday, February 19, 2013 22:29:00 UTC",-17.4156,-173.4243,5.7,34.60,353,"Tonga"
ak,10658547,2,"Tuesday, February 19, 2013 22:17:23 UTC",59.9639,-153.4852,1.1,9.20, 9,"Southern Alaska"
us,c000facp,6,"Tuesday, February 19, 2013 22:15:11 UTC",-10.9706,165.8505,5.0,36.70,44,"Santa Cruz Islands"
ci,11246906,0,"Tuesday, February 19, 2013 22:13:04 UTC",33.4912,-116.5883,1.0,11.70,28,"Southern California"
nc,71940600,0,"Tuesday, February 19, 2013 21:55:30 UTC",38.8477,-122.8180,1.6,1.40,19,"Northern California"
ci,11246890,0,"Tuesday, February 19, 2013 21:51:32 UTC",33.3188,-114.9395,1.6,7.00,15,"Southern California"
ci,11246882,0,"Tuesday, February 19, 2013 21:50:10 UTC",32.8938,-116.9205,1.4,5.60,12,"San Diego County urban area, California"
nn,00403745,9,"Tuesday, February 19, 2013 21:41:10 UTC",39.4101,-119.9220,1.1,8.30,15,"Nevada"
ci,11246866,0,"Tuesday, February 19, 2013 21:01:22 UTC",33.4937,-116.4335,1.1,3.80,36,"Southern California"
ak,10658511,1,"Tuesday, February 19, 2013 20:56:01 UTC",63.2446,-149.3661,1.4,70.00,10,"Central Alaska"
ci,11246858,0,"Tuesday, February 19, 2013 20:43:38 UTC",33.6068,-116.9280,1.2,7.50,26,"Southern California"
uw,60507101,2,"Tuesday, February 19, 2013 20:19:09 UTC",44.5722,-122.4908,1.0,3.30,12,"Oregon"
ak,10658493,2,"Tuesday, February 19, 2013 19:56:44 UTC",64.0656,-148.2547,1.2,1.00,16,"Central Alaska"
nc,71940550,0,"Tuesday, February 19, 2013 19:42:41 UTC",37.5808,-118.8600,1.1,6.40,14,"Central California"
nc,71940530,1,"Tuesday, February 19, 2013 19:21:32 UTC",37.5377,-118.7962,1.4,12.00,24,"Central California"
nc,71940510,0,"Tuesday, February 19, 2013 18:44:09 UTC",37.5390,-118.8342,1.1,6.30,12,"Central California"
uw,60507081,1,"Tuesday, February 19, 2013 18:25:38 UTC",43.3093,-123.2802,1.1,0.00, 8,"Oregon"
nc,71940490,1,"Tuesday, February 19, 2013 18:11:03 UTC",38.8105,-122.8122,1.2,1.70,26,"Northern California"
ak,10658447,1,"Tuesday, February 19, 2013 18:08:57 UTC",62.4266,-149.3300,2.5,23.60,43,"Central Alaska"
ci,11246826,0,"Tuesday, February 19, 2013 18:00:47 UTC",33.0603,-116.4437,1.4,11.30,42,"Southern California"
ak,10658440,2,"Tuesday, February 19, 2013 17:53:39 UTC",59.5740,-152.9600,2.0,95.10,24,"Southern Alaska"
ak,10658434,2,"Tuesday, February 19, 2013 17:21:27 UTC",61.5766,-150.6524,1.6,45.40,24,"Southern Alaska"
ci,11246786,0,"Tuesday, February 19, 2013 17:11:34 UTC",35.7578,-117.4753,1.4,1.90,18,"Southern California"
ci,11246770,3,"Tuesday, February 19, 2013 17:06:43 UTC",33.1763,-115.6013,1.4,0.00,11,"Southern California"
ci,11246762,2,"Tuesday, February 19, 2013 16:57:25 UTC",33.1642,-115.6097,1.1,0.10,10,"Southern California"
nn,00403704,9,"Tuesday, February 19, 2013 16:15:54 UTC",38.0149,-118.0565,1.7,7.10,16,"Nevada"
nn,00403703,9,"Tuesday, February 19, 2013 15:26:31 UTC",38.0372,-118.0280,1.4,5.10,10,"Nevada"
nn,00403699,9,"Tuesday, February 19, 2013 15:06:13 UTC",38.0218,-118.0188,1.7,5.50,14,"Nevada"
us,2013lval,5,"Tuesday, February 19, 2013 14:17:42 UTC",31.2755,105.2122,4.8,6.80,44,"eastern Sichuan, China"
ci,11246738,2,"Tuesday, February 19, 2013 14:16:36 UTC",36.0253,-117.7078,1.7,2.30,30,"Central California"
ci,11246722,0,"Tuesday, February 19, 2013 14:09:08 UTC",36.0188,-117.7032,2.1,0.90,30,"Central California"
ak,10658388,2,"Tuesday, February 19, 2013 14:05:48 UTC",61.6706,-149.8524,1.1,30.80,14,"Southern Alaska"
nc,71940375,3,"Tuesday, February 19, 2013 13:43:07 UTC",37.8620,-121.7822,2.7,14.50,125,"San Francisco Bay area, California"
ci,11246706,0,"Tuesday, February 19, 2013 13:41:16 UTC",33.4878,-116.5892,1.2,10.80,48,"Southern California"
uu,60013597,4,"Tuesday, February 19, 2013 13:38:02 UTC",42.4010,-111.5455,1.3,4.60,18,"southern Idaho"
nc,71940365,0,"Tuesday, February 19, 2013 13:32:27 UTC",38.8095,-122.8077,1.4,3.20,17,"Northern California"
ak,10658376,1,"Tuesday, February 19, 2013 13:31:55 UTC",61.5629,-149.6817,2.0,22.20,25,"Southern Alaska"
nc,71940360,0,"Tuesday, February 19, 2013 13:21:31 UTC",38.7577,-122.7242,1.4,2.50,23,"Northern California"
ak,10658370,1,"Tuesday, February 19, 2013 12:47:22 UTC",64.5249,-150.7648,1.8,3.50, 9,"Central Alaska"
ci,11246698,2,"Tuesday, February 19, 2013 12:41:47 UTC",32.7737,-115.4323,1.8,10.50,13,"Southern California"
us,c000fa4a,6,"Tuesday, February 19, 2013 12:34:48 UTC",34.4662,28.3207,4.4,10.10,18,"eastern Mediterranean Sea"
ci,11246690,0,"Tuesday, February 19, 2013 12:34:01 UTC",33.5580,-116.5978,1.2,17.60,44,"Southern California"
us,c000fa48,6,"Tuesday, February 19, 2013 12:27:38 UTC",35.2458,140.9570,5.6,35.00,337,"near the east coast of Honshu, Japan"
nc,71940350,1,"Tuesday, February 19, 2013 12:22:43 UTC",36.6418,-121.1003,1.8,10.80,26,"Central California"
ak,10658352,2,"Tuesday, February 19, 2013 12:00:22 UTC",59.4028,-151.4061,2.7,43.80,29,"Kenai Peninsula, Alaska"
us,c000fa3u,7,"Tuesday, February 19, 2013 11:52:05 UTC",-10.3837,167.3494,4.8,10.00,86,"Santa Cruz Islands"
ci,11246682,0,"Tuesday, February 19, 2013 11:51:12 UTC",32.6522,-115.9390,1.4,7.90,27,"Southern California"
ci,11246674,2,"Tuesday, February 19, 2013 11:47:21 UTC",35.9300,-117.6373,1.0,4.50,20,"Central California"
ak,10658348,2,"Tuesday, February 19, 2013 11:40:57 UTC",62.1023,-145.2723,1.2,17.80,13,"Central Alaska"
ak,10658346,2,"Tuesday, February 19, 2013 11:31:32 UTC",63.1022,-151.4567,1.3,8.80,16,"Central Alaska"
us,c000fa3q,6,"Tuesday, February 19, 2013 11:08:27 UTC",-6.6816,104.3677,4.9,35.00,65,"Sunda Strait, Indonesia"
nc,71940300,2,"Tuesday, February 19, 2013 10:22:36 UTC",40.2142,-122.7865,2.1,10.40,20,"Northern California"
nc,71940295,1,"Tuesday, February 19, 2013 10:20:35 UTC",40.3948,-124.3598,2.7,29.10,16,"Northern California"
ci,11246658,2,"Tuesday, February 19, 2013 10:03:03 UTC",34.1202,-118.4538,1.5,5.90,33,"Greater Los Angeles area, California"
ci,11246650,3,"Tuesday, February 19, 2013 09:55:26 UTC",34.6272,-116.6217,2.8,6.30,118,"Southern California"
ld,60024003,1,"Tuesday, February 19, 2013 09:53:05 UTC",41.2380,-77.0555,2.3,10.80,43,"Pennsylvania"
ak,10658332,1,"Tuesday, February 19, 2013 09:48:21 UTC",62.2105,-151.1951,2.1,71.30,23,"Central Alaska"
nc,71940270,1,"Tuesday, February 19, 2013 09:43:24 UTC",38.8360,-122.8075,1.7,2.60,27,"Northern California"
ak,10658323,1,"Tuesday, February 19, 2013 09:22:10 UTC",64.0085,-148.9021,1.8,0.00,20,"Central Alaska"
nc,71940265,1,"Tuesday, February 19, 2013 09:09:49 UTC",37.2582,-121.6407,1.6,4.60,24,"Northern California"
nc,71940260,0,"Tuesday, February 19, 2013 08:58:28 UTC",38.8213,-122.8240,1.0,0.90,17,"Northern California"
ak,10658317,1,"Tuesday, February 19, 2013 08:36:03 UTC",61.2115,-149.5594,1.2,48.40, 5,"Southern Alaska"
nc,71940250,0,"Tuesday, February 19, 2013 08:18:11 UTC",40.7032,-124.3438,2.5,14.30,14,"offshore Northern California"
nc,71940245,1,"Tuesday, February 19, 2013 08:17:03 UTC",38.8218,-122.7845,1.9,2.10,28,"Northern California"
nc,71940240,1,"Tuesday, February 19, 2013 08:11:25 UTC",38.8227,-122.7852,1.2,2.30,22,"Northern California"
us,c000fa1q,3,"Tuesday, February 19, 2013 08:07:42 UTC",-56.1997,-26.9177,4.9,83.10,34,"South Sandwich Islands region"
ak,10658304,1,"Tuesday, February 19, 2013 08:07:00 UTC",63.1474,-149.6105,1.5,52.70, 8,"Central Alaska"
nc,71940230,1,"Tuesday, February 19, 2013 08:03:22 UTC",38.8257,-122.8258,1.5,2.10,26,"Northern California"
ci,11246642,0,"Tuesday, February 19, 2013 07:55:58 UTC",33.1880,-115.9823,2.1,7.40,99,"Southern California"
us,c000fa1d,6,"Tuesday, February 19, 2013 07:55:34 UTC",28.3728,104.9528,4.6,32.50,64,"eastern Sichuan, China"
ak,10658297,1,"Tuesday, February 19, 2013 07:51:55 UTC",61.3249,-149.7090,1.7,30.40,10,"Southern Alaska"
ak,10658296,2,"Tuesday, February 19, 2013 07:44:53 UTC",60.1020,-139.3497,1.6,6.20,13,"Southern Yukon Territory, Canada"
ak,10658294,1,"Tuesday, February 19, 2013 07:38:11 UTC",60.8505,-150.1934,1.4,12.60, 4,"Kenai Peninsula, Alaska"
nc,71940215,0,"Tuesday, February 19, 2013 07:31:04 UTC",38.8213,-122.7672,1.0,2.60,16,"Northern California"
ak,10658291,2,"Tuesday, February 19, 2013 07:02:45 UTC",51.4030,-177.4045,1.3,26.70, 9,"Andreanof Islands, Aleutian Islands, Alaska"
ak,10658287,1,"Tuesday, February 19, 2013 06:35:37 UTC",62.4421,-150.1879,2.2,0.10,23,"Central Alaska"
nc,71940195,3,"Tuesday, February 19, 2013 06:32:39 UTC",37.3743,-121.7318,1.9,6.70,101,"San Francisco Bay area, California"
ci,11246594,0,"Tuesday, February 19, 2013 05:06:10 UTC",33.6437,-116.6883,1.2,16.40,53,"Southern California"
ci,11246586,0,"Tuesday, February 19, 2013 04:18:27 UTC",36.0363,-117.6670,1.2,0.20, 8,"Central California"
uu,60013587,3,"Tuesday, February 19, 2013 03:29:43 UTC",41.8520,-112.4048,1.8,2.30,19,"Utah"
uw,60507016,3,"Tuesday, February 19, 2013 03:24:45 UTC",47.8758,-121.6503,1.0,9.70,20,"Washington"
hv,60451822,1,"Tuesday, February 19, 2013 03:21:55 UTC",19.3908,-155.3432,1.9,0.10,11,"Island of Hawaii, Hawaii"
us,c000f9zg,4,"Tuesday, February 19, 2013 03:09:14 UTC",-10.8909,164.5127,4.7,53.40,21,"Santa Cruz Islands region"
ci,11246578,0,"Tuesday, February 19, 2013 03:08:22 UTC",33.3407,-116.3208,1.4,16.40,35,"Southern California"
ci,11246570,0,"Tuesday, February 19, 2013 03:04:29 UTC",33.3348,-116.3230,1.4,14.00,74,"Southern California"
ci,11246554,0,"Tuesday, February 19, 2013 03:03:18 UTC",33.3322,-116.2972,1.4,16.60,63,"Southern California"
ak,10658255,1,"Tuesday, February 19, 2013 02:54:09 UTC",60.6902,-151.8433,1.9,24.40, 5,"Kenai Peninsula, Alaska"
us,c000f9z8,5,"Tuesday, February 19, 2013 02:47:01 UTC",27.1738,103.0137,4.9,9.60,85,"Sichuan-Yunnan-Guizhou region, China"
nn,00403674,9,"Tuesday, February 19, 2013 02:40:59 UTC",36.7117,-115.6460,1.1,10.60,18,"Nevada"
hv,60451807,1,"Tuesday, February 19, 2013 02:37:46 UTC",19.5445,-155.9080,1.9,23.10,11,"Island of Hawaii, Hawaii"
ak,10658041,2,"Tuesday, February 19, 2013 01:53:24 UTC",59.0816,-136.4891,1.6,5.00,14,"Southeastern Alaska"
ci,11246514,0,"Tuesday, February 19, 2013 01:37:20 UTC",33.1720,-115.6328,1.1,2.80,15,"Southern California"
ak,10657992,2,"Tuesday, February 19, 2013 01:25:01 UTC",51.1813,-176.2042,2.4,15.10,12,"Andreanof Islands, Aleutian Islands, Alaska"
nc,71940090,1,"Tuesday, February 19, 2013 01:16:07 UTC",35.9998,-120.5627,1.8,3.00,24,"Central California"
nc,71940085,1,"Tuesday, February 19, 2013 01:14:01 UTC",35.9997,-120.5638,1.8,2.90,24,"Central California"
nc,71940075,0,"Tuesday, February 19, 2013 00:31:56 UTC",38.7580,-122.7002,1.0,2.80,14,"Northern California"
ci,11246490,0,"Tuesday, February 19, 2013 00:11:55 UTC",35.9330,-117.6460,1.0,3.70,18,"Central California"
ak,10657982,2,"Tuesday, February 19, 2013 00:10:36 UTC",50.7104,-175.1299,2.9,7.50,17,"Andreanof Islands, Aleutian Islands, Alaska"
uw,60506981,1,"Tuesday, February 19, 2013 00:06:14 UTC",42.5963,-125.5705,2.2,8.90,14,"offshore Oregon"
ak,10657978,1,"Tuesday, February 19, 2013 00:01:03 UTC",64.9998,-147.4402,1.4,0.20,13,"northern Alaska"
ci,11246482,0,"Monday, February 18, 2013 23:53:37 UTC",34.2645,-116.4315,1.4,6.80,36,"Southern California"
ci,11246474,0,"Monday, February 18, 2013 23:53:12 UTC",33.5803,-116.7143,1.0,14.40,35,"Southern California"
ci,11246450,0,"Monday, February 18, 2013 23:40:31 UTC",33.1563,-115.6072,1.2,0.10,13,"Southern California"
ci,11246434,0,"Monday, February 18, 2013 23:10:04 UTC",34.3288,-116.9390,1.4,0.00,34,"Southern California"
ci,11246426,0,"Monday, February 18, 2013 23:08:23 UTC",33.4065,-116.3317,1.2,15.00,56,"Southern California"
us,c000f9vp,8,"Monday, February 18, 2013 21:24:15 UTC",40.0328,77.7290,4.6,17.20,60,"southern Xinjiang, China"
nc,71939995,1,"Monday, February 18, 2013 21:21:15 UTC",38.7915,-122.7473,1.8,1.40,25,"Northern California"
nc,71939985,2,"Monday, February 18, 2013 20:43:31 UTC",39.3712,-122.8707,1.8,9.00,30,"Northern California"
nc,71939960,0,"Monday, February 18, 2013 20:20:38 UTC",38.8155,-122.8052,1.0,1.90,13,"Northern California"
ci,11246378,0,"Monday, February 18, 2013 19:38:59 UTC",35.0480,-117.6765,1.5,0.10,21,"Southern California"
uw,60506956,2,"Monday, February 18, 2013 19:23:20 UTC",41.9467,-122.0590,1.5,22.70, 7,"Northern California"
nc,71939930,2,"Monday, February 18, 2013 19:09:00 UTC",36.7763,-121.2920,1.4,7.60,22,"Central California"
ak,10657921,1,"Monday, February 18, 2013 19:00:57 UTC",60.9462,-147.0895,2.2,21.50,19,"Southern Alaska"
ci,11246362,0,"Monday, February 18, 2013 18:51:15 UTC",33.2822,-116.7817,1.7,12.80,88,"Southern California"
ci,11246354,0,"Monday, February 18, 2013 18:38:26 UTC",33.8660,-116.5583,1.2,4.60,11,"Southern California"
nc,71939910,0,"Monday, February 18, 2013 18:17:53 UTC",38.7873,-122.7623,1.0,1.00,13,"Northern California"
uw,60506941,2,"Monday, February 18, 2013 18:17:27 UTC",45.3010,-121.7457,1.3,7.50,12,"Mount Hood area, Oregon"
ak,10657905,1,"Monday, February 18, 2013 18:13:31 UTC",61.4184,-146.6621,1.7,15.20, 6,"Southern Alaska"
nn,00403586,9,"Monday, February 18, 2013 18:13:25 UTC",37.9106,-114.4116,2.7,1.20, 6,"Nevada"
nn,00403580,9,"Monday, February 18, 2013 17:30:56 UTC",38.0415,-118.0348,1.7,7.00,11,"Nevada"
ci,11246314,0,"Monday, February 18, 2013 17:10:09 UTC",34.1597,-116.4318,1.2,9.80,33,"Southern California"
uw,60506931,1,"Monday, February 18, 2013 16:59:56 UTC",43.7293,-121.3203,1.0,0.00, 9,"Newberry Caldera area, Oregon"
nc,71939860,3,"Monday, February 18, 2013 16:54:07 UTC",37.5402,-118.8177,1.7,7.60,40,"Central California"
us,c000f9ra,I,"Monday, February 18, 2013 16:32:51 UTC",-30.6825,-178.1679,5.6,83.50,345,"Kermadec Islands, New Zealand"
nc,71939840,5,"Monday, February 18, 2013 16:25:57 UTC",37.6355,-118.9583,1.6,7.70,46,"Long Valley area, California"
ci,11246282,0,"Monday, February 18, 2013 16:22:13 UTC",34.1073,-116.6150,1.4,8.00,32,"Southern California"
nn,00403562,9,"Monday, February 18, 2013 16:20:05 UTC",38.0341,-118.0504,1.4,7.50,16,"Nevada"
us,2013lua7,5,"Monday, February 18, 2013 16:19:48 UTC",-15.6585,-72.2182,4.5,111.20,25,"southern Peru"
ak,10657838,2,"Monday, February 18, 2013 16:14:48 UTC",54.2895,-161.5244,2.7,25.80, 9,"Alaska Peninsula"
ak,10657839,1,"Monday, February 18, 2013 16:12:32 UTC",62.0820,-148.3157,1.5,38.50, 4,"Central Alaska"
ak,10657833,2,"Monday, February 18, 2013 16:09:23 UTC",54.3318,-161.2724,2.1,9.90, 7,"Alaska Peninsula"
us,2013lua6,6,"Monday, February 18, 2013 16:01:57 UTC",25.6383,125.0527,4.8,6.80,57,"southwestern Ryukyu Islands, Japan"
ak,10657825,1,"Monday, February 18, 2013 15:54:01 UTC",59.8077,-152.3101,2.5,58.40, 8,"Southern Alaska"
ak,10657816,1,"Monday, February 18, 2013 15:26:46 UTC",63.4950,-151.0083,1.5,11.40, 6,"Central Alaska"
us,2013lua3,3,"Monday, February 18, 2013 15:22:15 UTC",5.0689,96.1691,4.5,62.70,23,"northern Sumatra, Indonesia"
nc,71939795,0,"Monday, February 18, 2013 15:20:08 UTC",40.4750,-124.1870,1.6,20.50, 7,"Northern California"
ci,11246258,0,"Monday, February 18, 2013 14:41:45 UTC",32.6448,-115.7288,1.7,0.10,12,"Baja California, Mexico"
ak,10657797,1,"Monday, February 18, 2013 14:38:44 UTC",62.0594,-145.1853,1.9,19.80, 9,"Central Alaska"
ak,10657798,1,"Monday, February 18, 2013 14:38:34 UTC",60.2828,-141.4698,1.7,9.50, 5,"Southern Alaska"
us,2013lua2,5,"Monday, February 18, 2013 14:25:01 UTC",-9.9918,119.0234,4.6,46.00,32,"Sumba region, Indonesia"
nc,71939785,2,"Monday, February 18, 2013 14:20:14 UTC",38.7718,-122.7025,1.5,2.50,41,"Northern California"
nc,71939780,0,"Monday, February 18, 2013 14:13:42 UTC",38.8068,-122.8213,1.1,3.10,21,"Northern California"
nc,71939770,2,"Monday, February 18, 2013 14:03:55 UTC",36.6657,-120.8863,1.5,5.10,26,"Central California"
ak,10657790,2,"Monday, February 18, 2013 13:35:33 UTC",53.5857,-167.0052,2.6,4.80,22,"Fox Islands, Aleutian Islands, Alaska"
us,2013luaz,5,"Monday, February 18, 2013 13:13:47 UTC",9.1320,-69.7141,4.6,10.00,28,"Portuguesa, Venezuela"
us,2013luay,4,"Monday, February 18, 2013 13:06:44 UTC",-15.5209,-177.1505,4.4,398.70,96,"Fiji region"
us,2013luax,8,"Monday, February 18, 2013 13:00:33 UTC",40.0519,77.7050,4.9,36.30,70,"southern Xinjiang, China"
ci,11246242,0,"Monday, February 18, 2013 12:53:39 UTC",33.1838,-115.6057,1.6,0.30,14,"Southern California"
ak,10657780,2,"Monday, February 18, 2013 12:28:30 UTC",62.1083,-145.2913,1.5,20.50, 8,"Central Alaska"
ak,10657776,1,"Monday, February 18, 2013 12:22:49 UTC",61.8086,-149.4260,1.8,41.50,10,"Southern Alaska"
us,c000f9p5,7,"Monday, February 18, 2013 12:19:19 UTC",-30.6821,-178.1273,6.1,34.10,300,"Kermadec Islands, New Zealand"
nc,71939730,1,"Monday, February 18, 2013 12:01:52 UTC",36.0497,-120.1692,2.0,12.10,22,"Central California"
us,c000f9ny,5,"Monday, February 18, 2013 12:01:48 UTC",1.9015,99.0654,4.7,127.00,47,"northern Sumatra, Indonesia"
ci,11246202,0,"Monday, February 18, 2013 11:44:27 UTC",34.1530,-116.4342,1.2,9.20,23,"Southern California"
nc,71939720,0,"Monday, February 18, 2013 11:19:50 UTC",38.8210,-122.7622,1.2,2.30,17,"Northern California"
ak,10657756,1,"Monday, February 18, 2013 11:14:37 UTC",64.2182,-147.8803,2.4,0.00,24,"Central Alaska"
us,c000f9ng,6,"Monday, February 18, 2013 11:10:57 UTC",39.1034,140.8735,4.6,44.00,36,"eastern Honshu, Japan"
nc,71939715,3,"Monday, February 18, 2013 11:09:08 UTC",38.5130,-122.6242,2.6,13.30,104,"Northern California"
ci,11246194,0,"Monday, February 18, 2013 11:07:21 UTC",33.5087,-116.4677,1.4,12.90,77,"Southern California"
us,c000f9nc,6,"Monday, February 18, 2013 11:06:44 UTC",38.8655,142.2378,4.7,61.30,26,"near the east coast of Honshu, Japan"
nc,71939710,0,"Monday, February 18, 2013 11:01:38 UTC",38.7485,-122.6985,1.5,1.90, 9,"Northern California"
us,c000f9n8,5,"Monday, February 18, 2013 10:59:36 UTC",32.1444,138.6644,4.6,10.30,72,"Izu Islands, Japan region"
us,c000f9n4,7,"Monday, February 18, 2013 10:50:41 UTC",-10.8360,165.6817,5.3,11.10,139,"Santa Cruz Islands"
nn,00403533,9,"Monday, February 18, 2013 10:49:17 UTC",38.0278,-118.0823,1.6,10.40,16,"Nevada"
us,c000f9n1,4,"Monday, February 18, 2013 10:31:35 UTC",-34.0388,-71.3113,4.7,13.40,34,"Region Metropolitana, Chile"
us,c000f9mr,6,"Monday, February 18, 2013 10:24:28 UTC",-11.6242,166.6022,4.7,35.40,33,"Santa Cruz Islands"
hv,60451537,2,"Monday, February 18, 2013 10:23:40 UTC",19.3862,-155.2808,2.1,3.00,18,"Island of Hawaii, Hawaii"
ak,10657740,1,"Monday, February 18, 2013 10:09:01 UTC",65.6744,-151.6298,2.7,8.40,16,"northern Alaska"
us,c000f9mg,5,"Monday, February 18, 2013 10:00:11 UTC",-33.9417,-72.0631,5.2,21.50,176,"offshore Libertador O'Higgins, Chile"
ak,10657734,1,"Monday, February 18, 2013 09:04:54 UTC",63.5345,-147.4055,1.8,5.30,13,"Central Alaska"
us,c000f9m0,6,"Monday, February 18, 2013 08:59:55 UTC",46.9992,156.6046,4.7,9.80,85,"east of the Kuril Islands"
nc,71939690,0,"Monday, February 18, 2013 08:59:37 UTC",38.7582,-122.7312,1.2,2.40,19,"Northern California"
ak,10657729,1,"Monday, February 18, 2013 08:55:56 UTC",63.5263,-147.3083,1.7,4.70, 8,"Central Alaska"
nc,71939670,0,"Monday, February 18, 2013 08:16:58 UTC",38.8132,-122.7735,1.2,0.40,12,"Northern California"
pr,13049002,0,"Monday, February 18, 2013 07:55:52 UTC",18.7765,-64.2425,3.0,43.00, 6,"Virgin Islands region"
ak,10657718,2,"Monday, February 18, 2013 07:47:26 UTC",58.3788,-154.8924,2.0,3.60,10,"Alaska Peninsula"
ci,11246162,0,"Monday, February 18, 2013 07:43:02 UTC",33.3640,-116.8112,1.0,7.80,42,"Southern California"
ci,11246154,0,"Monday, February 18, 2013 07:42:26 UTC",33.8908,-116.5217,1.2,2.00,53,"Southern California"
pr,13049001,0,"Monday, February 18, 2013 07:27:40 UTC",18.9018,-64.3535,2.5,38.00, 5,"Virgin Islands region"
ci,11246138,0,"Monday, February 18, 2013 07:21:45 UTC",35.9977,-117.9018,1.0,5.80,11,"Central California"
nc,71939635,0,"Monday, February 18, 2013 07:18:28 UTC",36.3822,-120.9643,1.3,5.20, 7,"Central California"
ci,11246130,0,"Monday, February 18, 2013 07:08:02 UTC",36.1152,-118.0392,2.2,3.10,32,"Central California"
ak,10657711,2,"Monday, February 18, 2013 07:01:10 UTC",61.5539,-150.4213,1.3,12.20, 9,"Southern Alaska"
nc,71939625,0,"Monday, February 18, 2013 06:56:52 UTC",38.7502,-122.7093,1.5,1.90,14,"Northern California"
ak,10657706,1,"Monday, February 18, 2013 06:53:48 UTC",62.1617,-149.3176,1.9,32.90,13,"Central Alaska"
ak,10657702,1,"Monday, February 18, 2013 06:20:22 UTC",64.4932,-147.1818,1.0,8.50, 6,"Central Alaska"
ci,11246098,0,"Monday, February 18, 2013 05:59:04 UTC",33.9588,-116.7290,1.4,20.50,46,"Southern California"
nc,71939610,2,"Monday, February 18, 2013 05:56:42 UTC",37.4693,-118.6953,1.4,15.30,37,"Central California"
nc,71939605,0,"Monday, February 18, 2013 05:55:37 UTC",38.7618,-122.7150,1.1,2.30,15,"Northern California"
ak,10657684,1,"Monday, February 18, 2013 05:38:45 UTC",62.6551,-150.0509,3.3,6.00,47,"Central Alaska"
uu,60013542,3,"Monday, February 18, 2013 05:34:37 UTC",44.3360,-111.0170,1.3,16.70, 7,"Yellowstone National Park, Wyoming"
ci,11246090,0,"Monday, February 18, 2013 05:32:36 UTC",36.0245,-117.7045,1.2,2.10,18,"Central California"
ci,11246082,0,"Monday, February 18, 2013 05:30:18 UTC",36.0248,-117.7053,1.3,2.30,15,"Central California"
ci,11246074,0,"Monday, February 18, 2013 05:29:46 UTC",36.0198,-117.7080,1.9,0.00,36,"Central California"
us,c000f9km,4,"Monday, February 18, 2013 04:56:29 UTC",38.9168,-107.4282,2.5,1.00,10,"Colorado"
ci,11246066,0,"Monday, February 18, 2013 04:56:08 UTC",33.5998,-116.8160,1.4,25.20,17,"Southern California"
us,c000f9kl,5,"Monday, February 18, 2013 04:51:54 UTC",-3.5334,-76.9079,4.8,103.00,179,"northern Peru"
pr,13049000,0,"Monday, February 18, 2013 04:51:13 UTC",18.2261,-67.9673,3.4,82.00,10,"Dominican Republic region"
ak,10657671,1,"Monday, February 18, 2013 04:44:37 UTC",59.4202,-152.7623,3.1,81.10,46,"Southern Alaska"
uw,60506881,2,"Monday, February 18, 2013 04:30:34 UTC",47.5078,-122.6748,1.0,18.60,18,"Seattle-Tacoma urban area, Washington"
uu,60013532,2,"Monday, February 18, 2013 03:46:08 UTC",41.8483,-112.4783,1.7,0.10,22,"Utah"
us,c000f9kb,8,"Monday, February 18, 2013 03:40:49 UTC",5.5942,-32.9431,5.6,9.90,313,"central Mid-Atlantic Ridge"
uw,60506861,3,"Monday, February 18, 2013 03:25:05 UTC",46.0000,-122.0568,1.5,15.50,26,"Washington"
ak,10657657,1,"Monday, February 18, 2013 03:17:52 UTC",62.7302,-146.6136,1.9,17.60,14,"Central Alaska"
ci,11246042,0,"Monday, February 18, 2013 03:02:39 UTC",33.7780,-116.1613,1.6,7.70,72,"Southern California"
us,2013luad,8,"Monday, February 18, 2013 02:54:05 UTC",35.5051,-97.2557,2.7,5.00, 8,"Oklahoma"
uw,60506851,3,"Monday, February 18, 2013 02:49:17 UTC",47.8798,-121.6400,1.2,9.50,18,"Washington"
uw,60506846,3,"Monday, February 18, 2013 02:40:15 UTC",47.8727,-121.6588,1.2,12.70,12,"Washington"
ci,11246034,0,"Monday, February 18, 2013 02:38:25 UTC",33.6673,-116.7542,1.5,16.20,66,"Southern California"
ak,10657644,1,"Monday, February 18, 2013 02:27:21 UTC",65.0888,-148.3505,1.0,18.90, 5,"northern Alaska"
ak,10657642,1,"Monday, February 18, 2013 02:10:10 UTC",63.6073,-149.7965,1.7,100.00, 6,"Central Alaska"
hv,60451367,4,"Monday, February 18, 2013 02:03:53 UTC",19.5428,-155.0885,2.1,26.50,36,"Island of Hawaii, Hawaii"
ak,10657634,1,"Monday, February 18, 2013 02:01:56 UTC",60.5144,-147.5894,2.2,13.80,18,"Southern Alaska"
ci,11246026,0,"Monday, February 18, 2013 02:00:36 UTC",33.3945,-116.6605,1.1,16.00,29,"Southern California"
nc,71939530,0,"Monday, February 18, 2013 01:48:43 UTC",40.3588,-124.3515,2.2,14.80, 9,"Northern California"
nn,00403518,9,"Monday, February 18, 2013 01:36:19 UTC",38.0364,-118.0505,1.6,8.70,18,"Nevada"
us,c000f9cz,4,"Monday, February 18, 2013 01:09:17 UTC",5.6589,-32.9733,4.6,10.00,61,"central Mid-Atlantic Ridge"
ak,10657623,1,"Monday, February 18, 2013 00:52:44 UTC",62.0681,-151.2379,2.1,70.50,25,"Central Alaska"
nn,00403515,9,"Monday, February 18, 2013 00:48:10 UTC",38.0387,-118.0289,1.2,8.20,14,"Nevada"
ci,11246018,0,"Monday, February 18, 2013 00:29:59 UTC",33.0180,-116.3110,1.9,7.00,81,"Southern California"
ci,11246010,0,"Monday, February 18, 2013 00:25:35 UTC",35.0368,-117.6802,1.6,0.10,23,"Southern California"
ak,10657607,1,"Monday, February 18, 2013 00:22:42 UTC",61.0984,-148.8710,2.0,20.70,20,"Southern Alaska"
ci,11246002,0,"Monday, February 18, 2013 00:17:35 UTC",35.9295,-117.9515,1.3,2.10,21,"Central California"
nn,00403509,9,"Sunday, February 17, 2013 23:35:33 UTC",38.0258,-118.0455,1.2,0.00,15,"Nevada"
uw,60506811,2,"Sunday, February 17, 2013 23:30:20 UTC",44.9757,-122.4962,1.0,8.30, 4,"Oregon"
nc,71939455,3,"Sunday, February 17, 2013 23:13:41 UTC",38.8132,-122.8208,1.8,3.40,64,"Northern California"
nc,71939435,3,"Sunday, February 17, 2013 22:38:34 UTC",36.6432,-121.2552,1.8,4.10,50,"Central California"
uw,60506801,1,"Sunday, February 17, 2013 22:16:40 UTC",49.3205,-120.4683,2.2,0.00,10,"British Columbia, Canada"
nc,71939415,0,"Sunday, February 17, 2013 22:06:40 UTC",39.4388,-123.1070,1.8,0.60,11,"Northern California"
nc,71939395,2,"Sunday, February 17, 2013 21:54:40 UTC",36.2238,-120.4048,1.7,11.50,38,"Central California"
nc,71939390,0,"Sunday, February 17, 2013 21:54:21 UTC",38.7598,-122.6978,1.2,3.20,12,"Northern California"
uu,60013507,2,"Sunday, February 17, 2013 21:44:08 UTC",41.8485,-112.4835,1.2,3.00,23,"Utah"
nc,71939370,0,"Sunday, February 17, 2013 21:30:01 UTC",40.5178,-122.1303,1.2,11.10,12,"Northern California"
ci,11245978,0,"Sunday, February 17, 2013 21:23:19 UTC",35.7918,-117.9850,1.7,2.30,47,"Central California"
nc,71939350,3,"Sunday, February 17, 2013 21:18:47 UTC",38.9720,-122.6985,2.0,4.20,63,"Northern California"
ak,10657568,1,"Sunday, February 17, 2013 20:35:24 UTC",62.6433,-151.5610,2.9,93.70,45,"Central Alaska"
ci,11245970,0,"Sunday, February 17, 2013 20:32:50 UTC",33.0220,-116.3110,1.3,5.00,34,"Southern California"
ci,11245954,0,"Sunday, February 17, 2013 20:21:00 UTC",36.0032,-117.7928,1.2,2.20, 9,"Central California"
ci,11245946,0,"Sunday, February 17, 2013 20:12:39 UTC",33.4498,-117.2205,1.5,0.20,17,"Southern California"
ci,11245938,0,"Sunday, February 17, 2013 20:08:18 UTC",36.1470,-117.9328,1.4,2.00,19,"Central California"
ci,11245930,0,"Sunday, February 17, 2013 19:53:45 UTC",32.8112,-116.1260,1.2,14.00,16,"Southern California"
ci,11245922,0,"Sunday, February 17, 2013 19:31:25 UTC",36.1435,-117.9315,1.3,1.90,18,"Central California"
us,c000f91t,6,"Sunday, February 17, 2013 19:23:45 UTC",-10.7979,165.5627,5.2,10.00,198,"Santa Cruz Islands"
us,c000f91p,5,"Sunday, February 17, 2013 19:18:52 UTC",-10.8438,165.6982,5.3,10.00,119,"Santa Cruz Islands"
ci,11245898,0,"Sunday, February 17, 2013 19:17:20 UTC",33.5848,-116.7142,1.3,14.90,33,"Southern California"
ak,10657538,1,"Sunday, February 17, 2013 18:44:47 UTC",60.4221,-147.1040,2.2,14.20,10,"Southern Alaska"
us,c000f914,6,"Sunday, February 17, 2013 18:27:26 UTC",-10.8474,165.7639,4.9,35.00,44,"Santa Cruz Islands"
ci,11245874,0,"Sunday, February 17, 2013 18:13:33 UTC",34.0173,-116.9462,1.4,12.30,15,"Southern California"
ak,10657519,1,"Sunday, February 17, 2013 17:42:43 UTC",62.0490,-144.9642,1.8,2.00, 7,"Central Alaska"
us,c000f90u,6,"Sunday, February 17, 2013 17:31:50 UTC",-20.3351,-177.9520,4.8,532.00,129,"Fiji region"
ci,11245858,0,"Sunday, February 17, 2013 17:25:51 UTC",34.4837,-117.9062,1.3,9.00,17,"Southern California"
ci,11245850,3,"Sunday, February 17, 2013 17:04:53 UTC",33.0142,-116.3110,3.4,11.00,171,"Southern California"
nc,71939265,0,"Sunday, February 17, 2013 16:49:05 UTC",38.7877,-122.7702,1.1,1.90,20,"Northern California"
us,2013ltav,5,"Sunday, February 17, 2013 16:48:49 UTC",40.8016,21.4398,4.5,9.80,59,"Greece"
nc,71939255,1,"Sunday, February 17, 2013 16:45:26 UTC",38.8095,-122.7935,1.1,3.20,25,"Northern California"
ci,11245842,0,"Sunday, February 17, 2013 16:42:14 UTC",34.2748,-116.4352,1.5,0.00,21,"Southern California"
ak,10657505,2,"Sunday, February 17, 2013 16:19:27 UTC",52.2762,-178.3299,2.2,13.40, 7,"Andreanof Islands, Aleutian Islands, Alaska"
us,2013ltat,5,"Sunday, February 17, 2013 16:07:11 UTC",-6.3284,130.1432,4.6,157.90,17,"Banda Sea"
ci,11245826,0,"Sunday, February 17, 2013 15:30:35 UTC",34.1762,-117.4345,1.2,11.00,56,"Greater Los Angeles area, California"
us,2013ltar,3,"Sunday, February 17, 2013 15:15:02 UTC",4.9999,95.8586,4.4,12.00,11,"northern Sumatra, Indonesia"
ak,10657492,2,"Sunday, February 17, 2013 15:05:48 UTC",61.0458,-152.4799,1.7,125.70,11,"Southern Alaska"
us,2013ltap,4,"Sunday, February 17, 2013 14:06:21 UTC",36.5233,70.8304,4.1,204.00,17,"Hindu Kush region, Afghanistan"
ci,11245794,0,"Sunday, February 17, 2013 13:28:08 UTC",35.9425,-117.6802,1.1,2.60,18,"Central California"
ak,10657484,1,"Sunday, February 17, 2013 13:24:26 UTC",63.1179,-150.5327,1.8,115.00,17,"Central Alaska"
nc,71939205,3,"Sunday, February 17, 2013 13:11:00 UTC",38.8202,-122.8055,1.1,1.80,47,"Northern California"
nc,71939200,3,"Sunday, February 17, 2013 13:01:00 UTC",38.7767,-122.7635,1.5,1.50,48,"Northern California"
nn,00403467,9,"Sunday, February 17, 2013 12:49:25 UTC",38.0241,-118.0202,1.4,5.50,11,"Nevada"
hv,60450877,2,"Sunday, February 17, 2013 12:40:22 UTC",19.3400,-155.1883,2.0,6.70,31,"Island of Hawaii, Hawaii"
nc,71939185,6,"Sunday, February 17, 2013 12:27:09 UTC",36.6753,-121.3045,1.3,6.50,37,"Central California"
ci,11245778,0,"Sunday, February 17, 2013 12:25:06 UTC",34.1995,-116.8180,1.2,2.30,53,"Southern California"
pr,13048000,0,"Sunday, February 17, 2013 12:17:53 UTC",18.2255,-67.5039,2.2,19.00, 5,"Mona Passage, Puerto Rico"
ci,11245770,0,"Sunday, February 17, 2013 12:17:23 UTC",33.0480,-116.4390,1.2,10.00,49,"Southern California"
uu,60013482,4,"Sunday, February 17, 2013 12:06:06 UTC",41.9407,-112.8525,2.1,9.10,26,"Utah"
us,c000f8y5,B,"Sunday, February 17, 2013 12:01:28 UTC",-41.9344,174.1308,4.8,9.90,23,"Cook Strait, New Zealand"
us,c000f8y9,7,"Sunday, February 17, 2013 11:59:20 UTC",19.2258,145.3653,4.5,193.90,213,"Maug Islands region, Northern Mariana Islands"
nc,71939170,1,"Sunday, February 17, 2013 11:54:10 UTC",38.8405,-122.8278,1.3,2.50,29,"Northern California"
us,c000f8y4,8,"Sunday, February 17, 2013 11:54:04 UTC",-23.1090,-67.2630,4.5,246.80, 0,"Antofagasta, Chile"
nc,71939160,0,"Sunday, February 17, 2013 11:45:45 UTC",38.8467,-122.8210,1.5,1.90, 5,"Northern California"
nc,71939150,3,"Sunday, February 17, 2013 11:44:34 UTC",38.8480,-122.8243,1.5,1.80,55,"Northern California"
nc,71939145,0,"Sunday, February 17, 2013 11:40:05 UTC",38.8467,-122.8260,1.0,0.60,13,"Northern California"
nn,00403461,9,"Sunday, February 17, 2013 11:37:14 UTC",38.0446,-118.0232,1.1,0.00, 6,"Nevada"
nn,00403459,9,"Sunday, February 17, 2013 11:30:50 UTC",38.0312,-118.0488,1.5,13.10,11,"Nevada"
nc,71939140,0,"Sunday, February 17, 2013 11:30:45 UTC",38.8333,-122.8782,1.1,2.00,19,"Northern California"
nn,00403457,9,"Sunday, February 17, 2013 11:26:35 UTC",38.0348,-118.0497,1.7,7.70,19,"Nevada"
nn,00403456,9,"Sunday, February 17, 2013 11:20:45 UTC",37.4200,-117.0962,1.5,8.00,14,"Nevada"
ak,10657446,1,"Sunday, February 17, 2013 11:16:44 UTC",63.3541,-145.1090,1.1,19.50, 5,"Central Alaska"
nn,00403455,9,"Sunday, February 17, 2013 11:03:15 UTC",37.4714,-115.5481,1.4,8.00,15,"Nevada"
nn,00403454,9,"Sunday, February 17, 2013 10:50:59 UTC",38.0634,-118.0678,1.6,4.00, 7,"Nevada"
us,c000f8xd,6,"Sunday, February 17, 2013 10:48:37 UTC",25.7498,127.5129,4.2,41.40,20,"Ryukyu Islands, Japan"
ci,11245754,0,"Sunday, February 17, 2013 10:44:06 UTC",34.8873,-120.3087,2.4,0.10,32,"Central California"
ci,11245746,0,"Sunday, February 17, 2013 10:42:41 UTC",32.9003,-116.2952,1.4,11.80,59,"Southern California"
ak,10657438,1,"Sunday, February 17, 2013 10:33:08 UTC",62.2249,-145.7083,1.5,30.20, 8,"Central Alaska"
nc,71939125,2,"Sunday, February 17, 2013 10:24:05 UTC",36.5483,-121.0930,1.5,3.50,31,"Central California"
nm,021713a,A,"Sunday, February 17, 2013 10:16:58 UTC",36.4905,-89.5665,1.7,9.40,29,"southeastern Missouri"
ak,10657429,1,"Sunday, February 17, 2013 10:06:29 UTC",60.9336,-150.8131,2.1,0.00,14,"Kenai Peninsula, Alaska"
ak,10657430,1,"Sunday, February 17, 2013 10:05:04 UTC",61.4706,-146.5556,1.6,19.90, 6,"Southern Alaska"
ci,11245730,0,"Sunday, February 17, 2013 09:13:31 UTC",32.7963,-115.9225,1.4,22.50,22,"Southern California"
nm,021713b,A,"Sunday, February 17, 2013 08:46:22 UTC",36.3170,-89.5460,1.5,10.20,14,"Tennessee"
ak,10657423,1,"Sunday, February 17, 2013 08:27:51 UTC",62.8552,-149.1061,1.2,2.80,10,"Central Alaska"
ak,10657412,1,"Sunday, February 17, 2013 07:52:34 UTC",61.9555,-150.4998,2.4,64.50,28,"Southern Alaska"
nn,00403452,9,"Sunday, February 17, 2013 07:46:51 UTC",36.4950,-116.5902,1.8,6.00,19,"Central California"
nn,00403450,9,"Sunday, February 17, 2013 07:44:08 UTC",38.0258,-118.0455,1.3,0.00, 9,"Nevada"
ci,11245674,0,"Sunday, February 17, 2013 07:26:48 UTC",34.0555,-117.5587,1.0,12.90,37,"Greater Los Angeles area, California"
ci,11245658,2,"Sunday, February 17, 2013 06:58:21 UTC",33.0485,-116.4383,1.7,9.70,94,"Southern California"
nn,00403449,9,"Sunday, February 17, 2013 06:56:09 UTC",38.0258,-118.0901,1.4,0.00,16,"Nevada"
nc,71939085,1,"Sunday, February 17, 2013 06:49:42 UTC",38.7943,-122.8002,1.6,3.60,30,"Northern California"
nc,71939075,0,"Sunday, February 17, 2013 06:19:21 UTC",38.8742,-122.7122,1.1,1.90, 6,"Northern California"
nc,71939070,3,"Sunday, February 17, 2013 06:14:20 UTC",38.7962,-122.7352,1.5,2.00,47,"Northern California"
us,c000f8v6,8,"Sunday, February 17, 2013 05:42:08 UTC",36.6793,21.6770,5.0,37.30,204,"southern Greece"
ak,10657354,2,"Sunday, February 17, 2013 05:18:05 UTC",57.4368,-156.8169,3.8,132.40,21,"Alaska Peninsula"
nn,00403445,9,"Sunday, February 17, 2013 05:04:23 UTC",38.0258,-118.1791,1.2,16.00, 9,"Nevada"
ak,10657351,1,"Sunday, February 17, 2013 04:53:21 UTC",60.7319,-151.2199,1.6,39.60, 7,"Kenai Peninsula, Alaska"
nc,71939045,1,"Sunday, February 17, 2013 04:06:38 UTC",38.8020,-122.7990,1.9,3.00,35,"Northern California"
nn,00403440,9,"Sunday, February 17, 2013 04:05:29 UTC",38.0431,-118.0351,1.4,8.70,11,"Nevada"
ci,11245642,2,"Sunday, February 17, 2013 03:56:29 UTC",33.8668,-117.8213,1.9,8.80,99,"Greater Los Angeles area, California"
ci,11245626,2,"Sunday, February 17, 2013 03:44:57 UTC",34.3138,-116.4603,1.0,9.10,46,"Southern California"
ak,10657336,1,"Sunday, February 17, 2013 03:31:42 UTC",63.3289,-149.8089,2.1,97.80,35,"Central Alaska"
us,c000f8tj,8,"Sunday, February 17, 2013 03:12:55 UTC",37.3342,20.8113,4.9,10.70,234,"Ionian Sea"
uu,60013477,4,"Sunday, February 17, 2013 03:11:55 UTC",41.8530,-112.4125,1.8,0.00,23,"Utah"
ci,11245610,2,"Sunday, February 17, 2013 02:49:45 UTC",34.5580,-120.7512,1.6,5.10,18,"offshore Central California"
ci,11245594,2,"Sunday, February 17, 2013 02:16:46 UTC",32.1912,-115.2250,2.4,15.70,18,"Baja California, Mexico"
ak,10657322,2,"Sunday, February 17, 2013 02:09:09 UTC",53.2214,-161.3517,3.7,25.60,31,"south of Alaska"
nn,00403434,9,"Sunday, February 17, 2013 01:58:58 UTC",39.5065,-119.3999,1.0,5.70, 9,"Nevada"
us,c000f8sr,6,"Sunday, February 17, 2013 01:35:08 UTC",36.4209,71.5782,5.0,102.30,120,"Hindu Kush region, Afghanistan"
ak,10657311,1,"Sunday, February 17, 2013 01:33:13 UTC",62.0644,-145.1582,1.5,21.60, 5,"Central Alaska"
us,c000f8tb,4,"Sunday, February 17, 2013 01:32:08 UTC",24.2908,121.4281,4.7,8.80,33,"Taiwan"
us,c000f8t3,3,"Sunday, February 17, 2013 01:16:48 UTC",-38.1052,-94.2804,4.9,16.00,19,"West Chile Rise"
nc,71938985,1,"Sunday, February 17, 2013 01:02:40 UTC",38.7935,-122.7793,1.0,3.50,24,"Northern California"
ci,11245586,2,"Sunday, February 17, 2013 00:49:06 UTC",34.3533,-116.1918,1.5,0.10,46,"Southern California"
nc,71938975,3,"Sunday, February 17, 2013 00:42:23 UTC",37.7400,-122.1557,2.6,9.00,66,"San Francisco Bay area, California"
ak,10657301,2,"Sunday, February 17, 2013 00:33:09 UTC",60.6268,-147.5295,1.2,10.00, 7,"Southern Alaska"
ci,11245570,2,"Sunday, February 17, 2013 00:32:13 UTC",34.1928,-117.5140,1.2,5.10,73,"Greater Los Angeles area, California"
ak,10657290,1,"Sunday, February 17, 2013 00:28:35 UTC",59.2126,-153.6502,3.2,102.70,61,"Southern Alaska"
ci,11245562,2,"Sunday, February 17, 2013 00:28:14 UTC",34.3555,-116.1922,2.0,0.30,70,"Southern California"
ak,10657281,1,"Saturday, February 16, 2013 23:55:33 UTC",60.5996,-147.2824,2.4,0.00,29,"Southern Alaska"
ak,10657278,1,"Saturday, February 16, 2013 23:54:38 UTC",60.5912,-147.3947,1.9,17.60,17,"Southern Alaska"
nc,71938960,2,"Saturday, February 16, 2013 23:41:56 UTC",36.6168,-120.9917,1.0,0.90,13,"Central California"
ak,10657272,2,"Saturday, February 16, 2013 23:16:26 UTC",63.1568,-150.8590,1.4,120.00,16,"Central Alaska"
ak,10657270,1,"Saturday, February 16, 2013 23:11:36 UTC",64.2543,-148.3876,1.0,14.20, 6,"Central Alaska"
us,c000f8r2,3,"Saturday, February 16, 2013 22:43:43 UTC",-15.6017,-13.2090,5.2,15.20,72,"southern Mid-Atlantic Ridge"
pr,13047005,0,"Saturday, February 16, 2013 22:43:26 UTC",19.4951,-65.2979,3.3,58.00, 6,"Puerto Rico region"
nm,021713d,A,"Saturday, February 16, 2013 22:23:09 UTC",36.2738,-89.4725,1.0,5.60, 5,"Tennessee"
us,c000f8qt,3,"Saturday, February 16, 2013 22:20:28 UTC",-1.0299,123.4804,5.0,5.40,17,"Sulawesi, Indonesia"
nm,021713c,A,"Saturday, February 16, 2013 22:19:42 UTC",36.2753,-89.4745,1.3,5.80,11,"Tennessee"
us,c000f8qf,5,"Saturday, February 16, 2013 22:17:31 UTC",43.5047,146.7461,5.5,42.90,89,"Kuril Islands"
uw,60506676,2,"Saturday, February 16, 2013 22:09:05 UTC",46.5973,-119.8630,1.4,7.20,14,"Washington"
nc,71938890,0,"Saturday, February 16, 2013 21:59:39 UTC",38.7920,-122.7485,1.0,1.50,17,"Northern California"
us,c000f8q2,E,"Saturday, February 16, 2013 21:57:45 UTC",33.4237,-109.2326,3.3,5.00,16,"Arizona"
hv,60450687,1,"Saturday, February 16, 2013 21:41:22 UTC",19.1952,-155.5190,2.0,3.10,24,"Island of Hawaii, Hawaii"
uu,60013442,2,"Saturday, February 16, 2013 21:36:52 UTC",39.3630,-111.8117,1.4,4.80,16,"Utah"
ak,10657246,1,"Saturday, February 16, 2013 21:34:28 UTC",60.5382,-147.9243,1.7,19.60, 8,"Southern Alaska"
ak,10657240,1,"Saturday, February 16, 2013 21:20:09 UTC",64.8165,-149.0172,1.5,14.30,12,"Central Alaska"
us,c000f8pg,5,"Saturday, February 16, 2013 21:16:12 UTC",41.7738,13.5821,4.9,28.30,116,"southern Italy"
uw,60506666,1,"Saturday, February 16, 2013 20:53:57 UTC",49.0517,-122.6415,1.8,70.60,27,"British Columbia, Canada"
nc,71938850,2,"Saturday, February 16, 2013 20:53:30 UTC",37.4073,-118.4358,1.0,9.60,13,"Central California"
us,c000f8p2,4,"Saturday, February 16, 2013 20:45:26 UTC",40.8258,144.7443,4.4,10.00,21,"off the east coast of Honshu, Japan"
pr,13047004,0,"Saturday, February 16, 2013 20:42:18 UTC",19.0983,-64.0761,3.2,108.00, 4,"Virgin Islands region"
nn,00403410,9,"Saturday, February 16, 2013 20:25:34 UTC",39.5142,-119.3930,1.1,12.60,11,"Nevada"
nn,00403402,9,"Saturday, February 16, 2013 19:55:02 UTC",38.6249,-119.4417,1.2,7.20, 9,"Nevada"
pr,13047003,0,"Saturday, February 16, 2013 19:52:17 UTC",18.4143,-66.1614,2.7,95.00,17,"San Juan urban area, Puerto Rico"
hv,60450652,1,"Saturday, February 16, 2013 19:23:15 UTC",19.3863,-155.2818,1.8,2.60,12,"Island of Hawaii, Hawaii"
us,c000f8mb,8,"Saturday, February 16, 2013 19:06:00 UTC",-6.2603,130.2640,4.6,140.40,52,"Banda Sea"
nn,00403398,9,"Saturday, February 16, 2013 18:53:50 UTC",38.0446,-118.0232,1.8,0.00,29,"Nevada"
nn,00403396,9,"Saturday, February 16, 2013 18:40:09 UTC",38.7221,-119.5175,2.1,6.40,18,"Nevada"
nn,00403395,9,"Saturday, February 16, 2013 18:34:08 UTC",38.0258,-118.0455,1.1,4.00, 7,"Nevada"
us,c000f8lt,7,"Saturday, February 16, 2013 18:29:30 UTC",-11.1608,164.4640,5.2,35.10,99,"Santa Cruz Islands region"
nc,71938760,3,"Saturday, February 16, 2013 18:18:23 UTC",38.8305,-122.8043,2.0,0.80,69,"Northern California"
nn,00403389,9,"Saturday, February 16, 2013 17:26:12 UTC",38.0258,-118.2460,2.2,4.00, 7,"Nevada"
ci,11245474,0,"Saturday, February 16, 2013 17:06:56 UTC",33.6867,-116.7657,1.1,11.00,32,"Southern California"
nn,00403384,9,"Saturday, February 16, 2013 16:54:56 UTC",38.0258,-118.1123,1.5,0.00,22,"Nevada"
ak,10657175,1,"Saturday, February 16, 2013 16:48:11 UTC",63.2983,-144.9337,1.1,6.50, 6,"Central Alaska"
nn,00403379,9,"Saturday, February 16, 2013 16:30:51 UTC",38.0446,-118.1123,1.8,0.00,33,"Nevada"
nn,00403376,9,"Saturday, February 16, 2013 16:24:45 UTC",38.0258,-118.0678,1.2,0.00,16,"Nevada"
ci,11245450,0,"Saturday, February 16, 2013 16:16:09 UTC",33.0095,-116.4762,1.6,6.30,66,"Southern California"
uw,60506601,5,"Saturday, February 16, 2013 16:09:14 UTC",47.3925,-122.1497,2.1,23.10,68,"Seattle-Tacoma urban area, Washington"
ci,11245442,0,"Saturday, February 16, 2013 15:47:38 UTC",36.1505,-117.9273,1.8,2.80,38,"Central California"
ak,10657160,1,"Saturday, February 16, 2013 15:45:57 UTC",61.7729,-151.2330,1.6,101.20, 9,"Southern Alaska"
us,c000f8iv,6,"Saturday, February 16, 2013 15:25:23 UTC",5.9090,127.3748,5.3,57.60,123,"Philippine Islands region"
nn,00403366,9,"Saturday, February 16, 2013 14:48:59 UTC",38.0326,-118.0405,1.9,8.20, 9,"Nevada"
ci,11245410,0,"Saturday, February 16, 2013 14:26:00 UTC",33.7108,-116.7647,1.2,18.30,56,"Southern California"
ci,11245402,2,"Saturday, February 16, 2013 14:13:09 UTC",34.1698,-116.8037,2.6,8.50,153,"Southern California"
ci,11245394,0,"Saturday, February 16, 2013 13:19:27 UTC",36.0997,-117.7123,1.5,1.90,26,"Central California"
nc,71938595,0,"Saturday, February 16, 2013 13:06:35 UTC",38.7715,-122.7100,1.1,2.50,12,"Northern California"
ak,10657129,1,"Saturday, February 16, 2013 12:50:08 UTC",61.3551,-151.1912,1.5,4.60,11,"Southern Alaska"
nc,71938585,2,"Saturday, February 16, 2013 12:33:15 UTC",41.4642,-122.0238,1.6,11.10,19,"Northern California"
nc,71938570,3,"Saturday, February 16, 2013 12:23:35 UTC",36.7695,-121.4433,1.8,9.30,65,"Central California"
hv,60450567,2,"Saturday, February 16, 2013 12:09:34 UTC",19.3808,-155.2835,2.4,2.50,24,"Island of Hawaii, Hawaii"
ak,10657114,1,"Saturday, February 16, 2013 12:00:03 UTC",63.2265,-150.4106,2.6,119.30,40,"Central Alaska"
ak,10657118,2,"Saturday, February 16, 2013 11:59:28 UTC",68.1342,-136.5452,3.3,25.40,12,"northern Yukon Territory, Canada"
ci,11245378,0,"Saturday, February 16, 2013 11:53:21 UTC",33.9130,-118.3523,1.5,8.30,34,"Greater Los Angeles area, California"
ak,10657110,1,"Saturday, February 16, 2013 11:50:07 UTC",62.7352,-150.9913,1.5,13.40, 7,"Central Alaska"
nc,71938555,2,"Saturday, February 16, 2013 11:41:08 UTC",40.9912,-121.6033,1.7,16.10,18,"Northern California"
ci,11245370,0,"Saturday, February 16, 2013 11:38:30 UTC",33.3163,-116.3565,1.1,12.00,28,"Southern California"
uw,60506561,1,"Saturday, February 16, 2013 11:26:58 UTC",47.8627,-121.6542,1.0,13.40, 8,"Washington"
nc,71938550,3,"Saturday, February 16, 2013 11:22:00 UTC",38.8360,-122.8303,1.5,2.60,52,"Northern California"
nc,71938540,5,"Saturday, February 16, 2013 11:01:40 UTC",38.8095,-122.8240,1.5,2.60,54,"Northern California"
nc,71938535,2,"Saturday, February 16, 2013 10:52:35 UTC",38.7778,-122.7545,1.1,0.70,49,"Northern California"
nn,00403356,9,"Saturday, February 16, 2013 10:36:05 UTC",40.2291,-115.2860,2.5,0.00, 6,"Nevada"
nn,00403355,9,"Saturday, February 16, 2013 10:27:22 UTC",38.0280,-118.0358,2.5,8.50,13,"Nevada"
ak,10657097,1,"Saturday, February 16, 2013 10:13:38 UTC",59.0376,-154.4705,3.2,194.40,14,"Southern Alaska"
ci,11245354,0,"Saturday, February 16, 2013 10:10:12 UTC",34.0535,-117.2877,1.5,17.30,46,"Greater Los Angeles area, California"
uw,60506546,1,"Saturday, February 16, 2013 10:10:11 UTC",42.1300,-120.5143,1.7,6.00,11,"Oregon"
ak,10657087,1,"Saturday, February 16, 2013 09:49:04 UTC",65.9348,-148.1808,2.0,4.30,13,"northern Alaska"
us,c000f8g1,7,"Saturday, February 16, 2013 09:47:02 UTC",-6.5314,129.8660,4.5,168.90,27,"Banda Sea"
ak,10657086,1,"Saturday, February 16, 2013 09:46:00 UTC",62.0099,-144.9022,1.7,5.20, 7,"Central Alaska"
nc,71938500,2,"Saturday, February 16, 2013 09:39:48 UTC",38.8210,-122.7635,1.2,2.60,46,"Northern California"
ak,10657079,1,"Saturday, February 16, 2013 09:11:19 UTC",60.7213,-147.4332,2.2,12.90,24,"Southern Alaska"
ci,11245338,0,"Saturday, February 16, 2013 09:03:22 UTC",32.3030,-115.4072,2.4,26.20,19,"Baja California, Mexico"
nn,00403347,9,"Saturday, February 16, 2013 09:00:00 UTC",38.0446,-118.0455,1.6,0.00,17,"Nevada"
nn,00403375,9,"Saturday, February 16, 2013 08:55:40 UTC",38.0412,-118.0243,2.7,7.80,16,"Nevada"
nn,00403346,9,"Saturday, February 16, 2013 08:55:03 UTC",38.0416,-118.0189,2.0,7.20,15,"Nevada"
ci,11245322,2,"Saturday, February 16, 2013 08:54:34 UTC",33.0393,-116.4338,1.0,4.70,29,"Southern California"
nm,021613b,B,"Saturday, February 16, 2013 08:50:48 UTC",35.6921,-93.0167,1.8,12.60, 9,"Arkansas"
ci,11245306,2,"Saturday, February 16, 2013 08:49:06 UTC",35.4487,-118.3447,1.6,4.70,66,"Central California"
ak,10657067,1,"Saturday, February 16, 2013 08:48:53 UTC",59.0948,-151.1681,2.5,40.00,13,"Kenai Peninsula, Alaska"
hv,60450527,1,"Saturday, February 16, 2013 08:37:02 UTC",19.3270,-155.2203,1.9,6.20,21,"Island of Hawaii, Hawaii"
nn,00403344,9,"Saturday, February 16, 2013 08:28:06 UTC",38.0446,-118.0901,1.7,0.00,23,"Nevada"
nm,021613a,A,"Saturday, February 16, 2013 08:23:42 UTC",35.6848,-93.0275,2.0,12.70,11,"Arkansas"
nn,00403342,9,"Saturday, February 16, 2013 07:55:09 UTC",38.0258,-118.0678,1.6,0.00,20,"Nevada"
us,c000f8f1,B,"Saturday, February 16, 2013 07:53:31 UTC",28.1595,128.0397,4.4,123.70,84,"Ryukyu Islands, Japan"
nn,00403341,9,"Saturday, February 16, 2013 07:50:49 UTC",38.0634,-118.0232,1.9,0.00,35,"Nevada"
ld,60023903,1,"Saturday, February 16, 2013 07:44:26 UTC",43.0795,-74.1000,1.8,6.40,13,"New York"
ci,11245274,2,"Saturday, February 16, 2013 07:24:33 UTC",33.7057,-116.7285,1.0,18.80,36,"Southern California"
nc,71938440,3,"Saturday, February 16, 2013 07:20:14 UTC",37.4592,-118.9178,1.8,11.90,45,"Central California"
nc,71938435,4,"Saturday, February 16, 2013 07:12:23 UTC",36.6078,-121.1140,1.1,7.90,18,"Central California"
us,c000f8e1,8,"Saturday, February 16, 2013 06:59:26 UTC",10.4933,-86.0693,4.4,47.50,101,"off the coast of Costa Rica"
nc,71938425,4,"Saturday, February 16, 2013 06:56:34 UTC",36.5748,-121.1628,1.1,3.60,24,"Central California"
ci,11245250,2,"Saturday, February 16, 2013 06:09:55 UTC",36.6063,-118.0750,2.1,1.70,44,"Central California"
nc,71938375,3,"Saturday, February 16, 2013 05:37:36 UTC",38.7637,-122.7080,1.9,2.20,63,"Northern California"
nn,00403334,9,"Saturday, February 16, 2013 05:37:27 UTC",38.0258,-118.0901,2.0,0.00,37,"Nevada"
nc,71938355,0,"Saturday, February 16, 2013 05:17:37 UTC",38.7882,-122.7342,1.0,2.20,20,"Northern California"
us,c000f8cd,G,"Saturday, February 16, 2013 05:16:16 UTC",-36.0819,177.9294,5.7,190.30,520,"off the east coast of the North Island of New Zealand"
nn,00403329,9,"Saturday, February 16, 2013 05:05:48 UTC",38.0258,-118.0455,1.1,0.00,11,"Nevada"
nc,71938345,3,"Saturday, February 16, 2013 04:48:01 UTC",39.5475,-122.6957,2.5,6.00,40,"Northern California"
ci,11245194,4,"Saturday, February 16, 2013 04:40:11 UTC",33.1120,-115.6682,1.1,5.70,26,"Southern California"
ci,11245186,2,"Saturday, February 16, 2013 04:38:15 UTC",35.4265,-118.4715,1.2,10.50,34,"Central California"
us,c000f8be,A,"Saturday, February 16, 2013 04:37:36 UTC",5.7587,125.8378,6.2,98.20,238,"Mindanao, Philippines"
pr,13047002,0,"Saturday, February 16, 2013 04:23:05 UTC",17.9491,-66.0603,2.6,24.00, 5,"Puerto Rico region"
nc,71938340,0,"Saturday, February 16, 2013 03:46:54 UTC",38.7543,-122.7180,1.2,2.00,18,"Northern California"
pr,13047001,0,"Saturday, February 16, 2013 03:40:41 UTC",19.7280,-64.2740,3.3,13.00, 7,"Virgin Islands region"
nc,71938320,3,"Saturday, February 16, 2013 02:51:29 UTC",38.8117,-122.8097,2.3,3.10,73,"Northern California"
ak,10657003,1,"Saturday, February 16, 2013 02:41:40 UTC",64.2383,-150.3503,1.4,3.00, 7,"Central Alaska"
pr,13047000,0,"Saturday, February 16, 2013 02:41:03 UTC",18.0928,-65.0071,2.6,7.00, 5,"Virgin Islands region"
ak,10656989,1,"Saturday, February 16, 2013 02:13:48 UTC",63.9335,-148.7777,2.4,0.10,26,"Central Alaska"
nc,71938305,1,"Saturday, February 16, 2013 02:05:14 UTC",38.8220,-122.7862,1.3,2.10,22,"Northern California"
nc,71938300,0,"Saturday, February 16, 2013 02:02:42 UTC",38.7525,-122.7343,1.2,2.20,15,"Northern California"
us,c000f8a9,6,"Saturday, February 16, 2013 02:01:17 UTC",67.6540,142.4364,4.9,16.80,229,"northeastern Sakha, Russia"
us,c000f89y,8,"Saturday, February 16, 2013 01:32:48 UTC",37.3572,141.4458,4.7,34.80,156,"near the east coast of Honshu, Japan"
us,c000f89z,5,"Saturday, February 16, 2013 01:30:05 UTC",38.3398,141.8918,4.6,35.10,74,"near the east coast of Honshu, Japan"
ak,10656968,1,"Saturday, February 16, 2013 01:21:45 UTC",63.2115,-150.5518,1.6,113.60,15,"Central Alaska"
us,c000f8a8,3,"Saturday, February 16, 2013 01:20:26 UTC",-26.2824,71.5844,5.0,9.00,64,"Mid-Indian Ridge"
nm,021613c,A,"Saturday, February 16, 2013 01:15:18 UTC",35.4618,-92.1795,2.0,4.10,12,"Arkansas"
uw,60506471,1,"Saturday, February 16, 2013 01:10:37 UTC",46.1880,-123.1027,1.1,18.00,20,"Washington"
nc,71938285,2,"Saturday, February 16, 2013 01:06:24 UTC",38.4573,-122.0087,2.0,0.00,37,"Northern California"
nc,71938265,0,"Saturday, February 16, 2013 00:28:56 UTC",38.7752,-122.7558,1.1,0.60,13,"Northern California"
hv,60450437,2,"Saturday, February 16, 2013 00:21:03 UTC",19.3792,-155.4117,2.5,10.40,38,"Island of Hawaii, Hawaii"
ak,10656956,1,"Saturday, February 16, 2013 00:07:15 UTC",65.0710,-147.2305,1.7,11.30,11,"northern Alaska"
nc,71938245,2,"Saturday, February 16, 2013 00:05:45 UTC",38.8117,-122.7825,1.3,1.00,51,"Northern California"
nc,71938240,0,"Friday, February 15, 2013 23:59:56 UTC",35.9597,-120.5143,1.6,2.70,20,"Central California"
us,c000f88s,5,"Friday, February 15, 2013 23:48:29 UTC",28.7776,139.4584,4.3,459.10,52,"Bonin Islands, Japan region"
ak,10656758,1,"Friday, February 15, 2013 23:28:04 UTC",63.0636,-151.5960,1.2,19.00, 4,"Central Alaska"
ak,10656756,1,"Friday, February 15, 2013 23:28:01 UTC",61.3533,-150.1169,1.8,34.50, 9,"Southern Alaska"
uu,60013402,2,"Friday, February 15, 2013 23:24:18 UTC",39.4418,-111.2172,1.1,2.80, 8,"Utah"
nc,71938220,1,"Friday, February 15, 2013 23:03:55 UTC",38.8125,-122.8100,1.0,3.60,23,"Northern California"
ak,10656748,1,"Friday, February 15, 2013 23:02:16 UTC",63.3647,-151.7969,1.8,2.40, 7,"Central Alaska"
nc,71938215,3,"Friday, February 15, 2013 22:58:30 UTC",40.3922,-124.3102,2.9,29.20,26,"Northern California"
ci,11245138,2,"Friday, February 15, 2013 22:28:34 UTC",33.1642,-116.4282,1.2,5.80,51,"Southern California"
nn,00403296,9,"Friday, February 15, 2013 22:23:47 UTC",38.0289,-118.0073,2.3,8.80,18,"Nevada"
uw,60506416,1,"Friday, February 15, 2013 22:16:20 UTC",49.4187,-120.4813,2.3,0.00,13,"British Columbia, Canada"
ak,10656718,1,"Friday, February 15, 2013 21:49:46 UTC",58.3660,-151.8600,2.7,125.00,12,"Kodiak Island region, Alaska"
nc,71938165,3,"Friday, February 15, 2013 21:39:31 UTC",39.8703,-122.6887,2.7,8.70,30,"Northern California"
ci,11245122,0,"Friday, February 15, 2013 21:37:18 UTC",34.2362,-117.4353,1.7,14.80,24,"Southern California"
ak,10656709,1,"Friday, February 15, 2013 21:23:57 UTC",63.4953,-151.3415,1.6,3.30, 9,"Central Alaska"
ak,10656705,1,"Friday, February 15, 2013 21:21:15 UTC",62.7984,-149.8121,1.8,67.30,10,"Central Alaska"
us,c000f84c,3,"Friday, February 15, 2013 21:20:52 UTC",-18.9144,-176.2580,5.1,15.90,175,"Fiji region"
nc,71938150,6,"Friday, February 15, 2013 21:18:20 UTC",39.6747,-123.5448,3.4,6.10,33,"Northern California"
nc,71938145,3,"Friday, February 15, 2013 21:17:55 UTC",38.8238,-122.8250,1.6,2.60,53,"Northern California"
nc,71938140,3,"Friday, February 15, 2013 21:17:00 UTC",38.8248,-122.8255,1.7,2.80,55,"Northern California"
nn,00403277,9,"Friday, February 15, 2013 21:05:35 UTC",38.0446,-117.9787,1.3,16.00, 9,"Nevada"
ci,11245090,0,"Friday, February 15, 2013 21:01:29 UTC",33.9408,-117.1577,1.3,14.40,27,"Greater Los Angeles area, California"
nn,00403275,9,"Friday, February 15, 2013 20:48:42 UTC",38.0453,-118.0453,1.2,0.30,10,"Nevada"
nc,71938130,2,"Friday, February 15, 2013 20:45:47 UTC",39.2073,-120.0625,1.0,8.20,22,"Northern California"
ci,11245082,0,"Friday, February 15, 2013 20:38:58 UTC",36.2900,-118.0655,1.8,1.80,12,"Central California"
nc,71938105,2,"Friday, February 15, 2013 20:27:53 UTC",36.7078,-121.3497,1.3,3.40,30,"Central California"
pr,13046005,0,"Friday, February 15, 2013 20:13:05 UTC",18.5939,-68.4542,3.2,135.00, 8,"Dominican Republic"
ci,11245050,0,"Friday, February 15, 2013 19:57:09 UTC",33.8808,-116.9922,1.4,16.40,47,"Southern California"
us,c000f819,8,"Friday, February 15, 2013 19:55:30 UTC",-17.7525,-178.7816,5.5,546.70,73,"Fiji region"
us,c000f80h,6,"Friday, February 15, 2013 19:32:44 UTC",54.2966,-161.5212,4.2,10.10,40,"Alaska Peninsula"
ak,10656656,1,"Friday, February 15, 2013 19:28:57 UTC",62.2090,-148.9444,1.8,33.70,13,"Central Alaska"
nn,00403268,9,"Friday, February 15, 2013 19:28:30 UTC",38.0204,-118.0641,1.6,7.10,18,"Nevada"
ak,10656651,1,"Friday, February 15, 2013 19:26:52 UTC",61.2779,-149.9568,2.1,41.40,15,"Southern Alaska"
ak,10656646,1,"Friday, February 15, 2013 19:09:04 UTC",63.4053,-151.2281,1.4,10.90,10,"Central Alaska"
ak,10656644,1,"Friday, February 15, 2013 19:02:33 UTC",60.5250,-147.2635,2.0,13.50, 7,"Southern Alaska"
us,c000f7yu,7,"Friday, February 15, 2013 18:33:44 UTC",4.4824,94.8752,4.8,35.60,68,"off the west coast of northern Sumatra"
nc,71069779,2,"Friday, February 15, 2013 18:32:17 UTC",40.3468,-124.3155,2.6,27.60,12,"Northern California"
nc,71938025,3,"Friday, February 15, 2013 18:32:07 UTC",40.3788,-124.2835,2.8,25.40,26,"Northern California"
us,c000f7ya,7,"Friday, February 15, 2013 18:27:46 UTC",32.7777,95.3401,4.5,43.00,54,"southern Qinghai, China"
ak,10656623,1,"Friday, February 15, 2013 18:08:45 UTC",58.3073,-155.8142,2.7,117.20, 4,"Alaska Peninsula"
us,c000f7xl,4,"Friday, February 15, 2013 17:50:36 UTC",52.6930,-34.5558,4.7,15.00,121,"Reykjanes Ridge"
nc,71937945,1,"Friday, February 15, 2013 17:25:41 UTC",38.8007,-122.8040,1.4,1.90,26,"Northern California"
ak,10656608,1,"Friday, February 15, 2013 17:24:39 UTC",63.3260,-144.9317,1.9,0.00,15,"Central Alaska"
nn,00403250,9,"Friday, February 15, 2013 17:20:17 UTC",37.9165,-118.1032,1.5,9.90,17,"Nevada"
uu,60013357,2,"Friday, February 15, 2013 17:14:27 UTC",44.6542,-109.8927,1.4,9.30,13,"Yellowstone National Park, Wyoming"
nn,00403244,9,"Friday, February 15, 2013 16:53:17 UTC",38.0279,-118.0379,1.7,9.10,16,"Nevada"
ak,10656593,1,"Friday, February 15, 2013 16:40:02 UTC",61.1376,-151.0829,2.1,54.30,15,"Southern Alaska"
us,c000f7vv,6,"Friday, February 15, 2013 16:32:57 UTC",67.7112,142.0953,4.8,15.40,73,"northeastern Sakha, Russia"
pr,13046004,0,"Friday, February 15, 2013 16:25:37 UTC",18.3269,-66.3304,2.4,57.00, 9,"Puerto Rico"
ak,10656580,1,"Friday, February 15, 2013 16:17:12 UTC",64.4391,-148.1546,3.0,23.20,30,"Central Alaska"
nn,00403241,9,"Friday, February 15, 2013 16:16:24 UTC",37.5326,-117.8245,1.4,10.00,11,"Nevada"
ak,10656577,1,"Friday, February 15, 2013 16:11:02 UTC",58.9182,-151.2353,2.8,37.80,12,"Kodiak Island region, Alaska"
hv,60450327,1,"Friday, February 15, 2013 15:46:00 UTC",19.3585,-155.2132,2.0,3.00,19,"Island of Hawaii, Hawaii"
ci,11244986,0,"Friday, February 15, 2013 15:09:43 UTC",34.2038,-118.6377,1.9,5.20,22,"Greater Los Angeles area, California"
ci,11244978,0,"Friday, February 15, 2013 15:00:40 UTC",34.0188,-116.4188,1.0,6.60,24,"Southern California"
ak,10656555,1,"Friday, February 15, 2013 14:58:50 UTC",61.7252,-150.7656,2.0,92.30,16,"Southern Alaska"
us,c000f7us,6,"Friday, February 15, 2013 14:42:55 UTC",40.4012,23.9267,4.7,10.00,83,"Greece"
nn,00403235,9,"Friday, February 15, 2013 14:35:31 UTC",38.0411,-118.0369,1.7,8.90,13,"Nevada"
ci,11244962,0,"Friday, February 15, 2013 14:31:05 UTC",33.4618,-116.3850,1.5,10.50,22,"Southern California"
nc,71937885,1,"Friday, February 15, 2013 14:16:46 UTC",38.8238,-122.8550,1.8,2.50,37,"Northern California"
nn,00403229,9,"Friday, February 15, 2013 12:59:58 UTC",38.0380,-118.0020,1.0,6.40, 9,"Nevada"
hv,60450262,1,"Friday, February 15, 2013 12:59:04 UTC",19.3700,-155.5012,1.8,8.40,34,"Island of Hawaii, Hawaii"
us,c000f7tm,4,"Friday, February 15, 2013 12:39:54 UTC",67.7351,142.2047,4.5,10.00,80,"northeastern Sakha, Russia"
nn,00403228,9,"Friday, February 15, 2013 12:39:16 UTC",38.0357,-118.0338,1.0,9.30,11,"Nevada"
nc,71937835,0,"Friday, February 15, 2013 12:37:56 UTC",38.8257,-122.8310,1.0,2.30,18,"Northern California"
ak,10656522,1,"Friday, February 15, 2013 12:34:49 UTC",61.6088,-150.9780,2.3,69.40,25,"Southern Alaska"
ci,11244954,0,"Friday, February 15, 2013 12:28:31 UTC",34.2003,-117.4865,1.2,6.00,33,"Greater Los Angeles area, California"
us,c000f7tc,7,"Friday, February 15, 2013 12:23:54 UTC",-10.6548,165.4731,4.7,35.00,39,"Santa Cruz Islands"
nc,71937815,1,"Friday, February 15, 2013 11:38:56 UTC",38.8398,-122.8402,1.8,1.80,30,"Northern California"
ci,11244938,0,"Friday, February 15, 2013 11:37:59 UTC",33.5997,-116.4150,1.3,15.80,18,"Southern California"
ci,11244930,0,"Friday, February 15, 2013 11:32:12 UTC",34.1970,-117.4928,1.3,5.80,40,"Greater Los Angeles area, California"
ak,10656508,1,"Friday, February 15, 2013 11:22:20 UTC",62.3146,-142.4913,2.4,16.10,14,"Central Alaska"
nc,71937805,0,"Friday, February 15, 2013 11:21:39 UTC",38.8132,-122.8223,1.3,1.90,17,"Northern California"
ci,11244922,0,"Friday, February 15, 2013 10:47:05 UTC",33.6852,-116.7108,1.1,17.60,50,"Southern California"
ci,11244914,0,"Friday, February 15, 2013 10:44:19 UTC",32.9942,-115.5758,1.4,0.00,13,"Southern California"
us,c000f7s4,6,"Friday, February 15, 2013 10:42:51 UTC",-8.6859,116.3651,4.4,109.10,46,"Lombok region, Indonesia"
nn,00403219,9,"Friday, February 15, 2013 10:08:09 UTC",38.0198,-118.0923,1.3,13.80,13,"Nevada"
pr,13046002,0,"Friday, February 15, 2013 09:37:35 UTC",18.2134,-67.2929,2.1,31.00, 6,"Mona Passage, Puerto Rico"
nc,71937795,0,"Friday, February 15, 2013 09:10:34 UTC",36.6730,-121.3043,1.2,6.20, 7,"Central California"
ak,10656491,1,"Friday, February 15, 2013 08:47:29 UTC",63.5329,-146.9865,1.5,32.40, 5,"Central Alaska"
ci,11244890,0,"Friday, February 15, 2013 08:21:01 UTC",34.3337,-116.9200,1.2,2.70,33,"Southern California"
nc,71937780,0,"Friday, February 15, 2013 08:04:40 UTC",36.1772,-120.7528,1.7,1.10, 9,"Central California"
ak,10656483,1,"Friday, February 15, 2013 07:28:00 UTC",62.0752,-152.2115,2.3,131.60,16,"Central Alaska"
ak,10656471,1,"Friday, February 15, 2013 06:36:58 UTC",63.5230,-151.2573,1.3,4.50, 7,"Central Alaska"
us,c000f7q5,6,"Friday, February 15, 2013 06:23:02 UTC",67.7707,142.6182,4.4,13.80,84,"northeastern Sakha, Russia"
ak,10656467,1,"Friday, February 15, 2013 06:04:38 UTC",61.4157,-149.9345,1.9,29.30, 9,"Southern Alaska"
ci,11244882,0,"Friday, February 15, 2013 05:44:37 UTC",33.5007,-116.4523,1.6,4.70,82,"Southern California"
ci,11244874,0,"Friday, February 15, 2013 04:53:49 UTC",35.8527,-117.9253,1.6,9.60, 9,"Central California"
ci,11244866,0,"Friday, February 15, 2013 04:51:41 UTC",35.6623,-118.4722,2.0,10.20,47,"Central California"
ak,10656456,1,"Friday, February 15, 2013 04:36:05 UTC",59.9894,-152.3398,2.2,88.80,12,"Southern Alaska"
ci,11244842,0,"Friday, February 15, 2013 04:11:14 UTC",35.5640,-118.5173,1.8,0.00, 8,"Central California"
hv,60450127,4,"Friday, February 15, 2013 03:53:31 UTC",19.3862,-155.4670,1.1,11.20,15,"Island of Hawaii, Hawaii"
us,c000f7mi,8,"Friday, February 15, 2013 03:02:23 UTC",-19.7189,-174.4758,5.8,71.70,362,"Tonga"
ak,10656338,1,"Friday, February 15, 2013 02:38:11 UTC",64.1932,-150.0326,1.4,16.10, 9,"Central Alaska"
ak,10656329,2,"Friday, February 15, 2013 02:27:00 UTC",59.5424,-153.1862,3.1,96.30,61,"Southern Alaska"
ci,11244810,2,"Friday, February 15, 2013 02:00:20 UTC",36.0310,-117.7673,1.3,2.50,30,"Central California"
pr,13046000,0,"Friday, February 15, 2013 01:50:00 UTC",17.9293,-66.0605,2.9,18.00, 9,"Puerto Rico region"
nn,00403190,9,"Friday, February 15, 2013 01:33:36 UTC",38.0307,-118.0407,1.0,7.90,11,"Nevada"
nc,71937615,0,"Friday, February 15, 2013 01:24:51 UTC",37.7263,-122.5518,1.7,8.10,16,"offshore Northern California"
nc,71937605,3,"Friday, February 15, 2013 01:16:45 UTC",37.6072,-119.0183,1.6,9.60,50,"Central California"
nc,71937590,2,"Friday, February 15, 2013 00:43:27 UTC",37.1018,-119.2680,2.1,30.40,37,"Central California"
ak,10656297,1,"Friday, February 15, 2013 00:41:47 UTC",61.0867,-150.3774,1.6,17.70, 7,"Southern Alaska"
pr,13046001,0,"Friday, February 15, 2013 00:31:05 UTC",18.0576,-66.0934,2.4,22.00,10,"Puerto Rico"
ak,10656281,1,"Friday, February 15, 2013 00:15:34 UTC",65.0090,-147.4446,1.6,3.20, 5,"northern Alaska"
us,c000f7l3,6,"Thursday, February 14, 2013 23:58:00 UTC",-0.4110,98.5479,4.7,11.30,37,"Kepulauan Batu, Indonesia"
nc,71937560,4,"Thursday, February 14, 2013 23:51:12 UTC",37.5388,-118.8220,2.6,7.30,53,"Central California"
uw,60506301,2,"Thursday, February 14, 2013 23:47:18 UTC",45.3888,-123.2508,1.4,0.00, 8,"Oregon"
ci,11244786,2,"Thursday, February 14, 2013 23:45:34 UTC",33.0520,-116.4345,1.3,9.10,28,"Southern California"
ci,11244770,2,"Thursday, February 14, 2013 23:41:39 UTC",33.5077,-116.4522,1.0,8.80,32,"Southern California"
us,c000f7kq,4,"Thursday, February 14, 2013 23:35:43 UTC",44.5396,149.0240,4.5,56.00,66,"Kuril Islands"
nn,00403180,9,"Thursday, February 14, 2013 23:35:28 UTC",38.0446,-118.0901,1.2,16.00, 7,"Nevada"
nn,00403179,9,"Thursday, February 14, 2013 23:32:39 UTC",38.0432,-118.0253,2.1,6.10,35,"Nevada"
uw,60506296,2,"Thursday, February 14, 2013 23:22:04 UTC",42.3650,-122.8228,1.7,0.00,13,"Oregon"
ak,10656255,2,"Thursday, February 14, 2013 23:20:26 UTC",52.2734,178.0714,2.8,40.40,10,"Rat Islands, Aleutian Islands, Alaska"
ak,10658708,2,"Thursday, February 14, 2013 23:05:38 UTC",68.0126,-156.9632,2.4,15.30, 9,"northern Alaska"
ci,11244738,2,"Thursday, February 14, 2013 23:02:42 UTC",35.4217,-118.4737,1.9,11.10,37,"Central California"
ak,10656239,2,"Thursday, February 14, 2013 22:50:11 UTC",60.5429,-150.8108,1.9,51.10,18,"Kenai Peninsula, Alaska"
ak,10656237,2,"Thursday, February 14, 2013 22:45:56 UTC",62.7676,-151.8199,1.7,7.10,20,"Central Alaska"
ak,10658705,2,"Thursday, February 14, 2013 22:43:25 UTC",65.4318,-144.6088,1.5,1.00,13,"northern Alaska"
ak,10656228,2,"Thursday, February 14, 2013 22:23:38 UTC",64.9144,-147.9242,1.1,10.00, 9,"Central Alaska"
uw,60506276,1,"Thursday, February 14, 2013 22:17:02 UTC",49.3887,-120.4778,2.3,0.00,11,"British Columbia, Canada"
nc,71937515,0,"Thursday, February 14, 2013 22:03:40 UTC",37.3220,-122.1053,1.9,0.00, 7,"San Francisco Bay area, California"
ak,10656216,2,"Thursday, February 14, 2013 21:56:51 UTC",63.4979,-150.1046,1.5,117.80,19,"Central Alaska"
hv,60450057,2,"Thursday, February 14, 2013 21:53:45 UTC",19.4310,-155.8430,2.6,10.00,32,"Island of Hawaii, Hawaii"
us,c000f7ib,4,"Thursday, February 14, 2013 21:46:13 UTC",-0.4724,98.6153,4.6,34.20,43,"Kepulauan Batu, Indonesia"
ak,10656198,2,"Thursday, February 14, 2013 21:14:53 UTC",62.6599,-148.8497,1.2,58.10,14,"Central Alaska"
ak,10656192,2,"Thursday, February 14, 2013 21:05:36 UTC",63.4905,-151.3506,1.5,11.80,15,"Central Alaska"
ak,10658699,2,"Thursday, February 14, 2013 21:01:09 UTC",52.3757,-171.5965,2.4,93.50, 6,"Fox Islands, Aleutian Islands, Alaska"
ci,11244706,2,"Thursday, February 14, 2013 20:52:44 UTC",33.1910,-116.4123,1.0,10.90,22,"Southern California"
us,c000f7g9,6,"Thursday, February 14, 2013 20:26:15 UTC",67.6209,142.4849,4.8,10.00,87,"northeastern Sakha, Russia"
ak,10656182,2,"Thursday, February 14, 2013 20:22:01 UTC",63.4913,-151.3295,1.8,5.30,23,"Central Alaska"
ak,10656176,2,"Thursday, February 14, 2013 20:13:46 UTC",63.4744,-151.3329,1.9,6.50,20,"Central Alaska"
ci,11244690,2,"Thursday, February 14, 2013 20:08:14 UTC",35.3265,-118.5787,2.1,5.40,57,"Central California"
nn,00403149,9,"Thursday, February 14, 2013 19:33:33 UTC",38.0442,-118.0065,1.0,6.10,12,"Nevada"
nn,00403147,9,"Thursday, February 14, 2013 19:32:07 UTC",38.0385,-118.0292,1.3,7.60,13,"Nevada"
nn,00403146,9,"Thursday, February 14, 2013 19:30:51 UTC",38.0389,-118.0327,1.8,9.10,14,"Nevada"
us,c000f7eg,8,"Thursday, February 14, 2013 19:23:02 UTC",-11.5933,165.8907,4.7,35.90,42,"Santa Cruz Islands"
hv,60450012,1,"Thursday, February 14, 2013 19:09:20 UTC",19.3772,-155.2405,1.8,3.50,17,"Island of Hawaii, Hawaii"
us,c000f7dh,7,"Thursday, February 14, 2013 18:57:21 UTC",-7.4699,119.7183,4.9,28.50,71,"Flores Sea"
ci,11244658,2,"Thursday, February 14, 2013 18:33:34 UTC",33.1295,-116.0772,1.2,5.60,16,"Southern California"
ci,11244650,2,"Thursday, February 14, 2013 18:28:07 UTC",35.5645,-118.5237,1.2,0.00,17,"Central California"
nc,71937430,4,"Thursday, February 14, 2013 18:26:43 UTC",40.3405,-124.3562,2.5,15.30,26,"Northern California"
us,c000f7di,2,"Thursday, February 14, 2013 18:22:39 UTC",36.4230,142.5777,4.5,37.00,11,"off the east coast of Honshu, Japan"
ak,10656138,2,"Thursday, February 14, 2013 18:15:45 UTC",60.3079,-150.6583,1.8,50.00,15,"Kenai Peninsula, Alaska"
ak,10656133,2,"Thursday, February 14, 2013 18:08:07 UTC",62.5246,-151.2098,1.7,95.80,28,"Central Alaska"
ci,11244642,4,"Thursday, February 14, 2013 18:04:08 UTC",34.0660,-117.1962,1.2,7.00,16,"Greater Los Angeles area, California"
nc,71937420,1,"Thursday, February 14, 2013 17:58:04 UTC",38.8085,-122.7803,1.2,0.90,23,"Northern California"
ak,10656106,2,"Thursday, February 14, 2013 17:32:30 UTC",60.3330,-152.4071,1.9,85.70,15,"Southern Alaska"
us,c000f7bl,4,"Thursday, February 14, 2013 17:17:42 UTC",67.6553,142.4511,4.6,15.90,42,"northeastern Sakha, Russia"
us,c000f7bg,6,"Thursday, February 14, 2013 17:03:37 UTC",-16.0850,-173.3901,4.6,145.60,135,"Tonga"
nn,00403115,9,"Thursday, February 14, 2013 17:03:32 UTC",40.5070,-118.0435,1.8,2.00, 4,"Nevada"
ci,11244594,2,"Thursday, February 14, 2013 16:57:11 UTC",36.0920,-117.8453,1.6,2.60,41,"Central California"
us,c000f7be,5,"Thursday, February 14, 2013 16:56:22 UTC",22.8324,5.2330,4.3,13.50,13,"southern Algeria"
us,c000f7bc,6,"Thursday, February 14, 2013 16:52:16 UTC",-4.4427,135.2394,5.3,31.60,110,"near the south coast of Papua, Indonesia"
ci,11244586,2,"Thursday, February 14, 2013 16:51:53 UTC",35.5702,-118.5338,2.2,1.80,51,"Central California"
us,c000f7b6,7,"Thursday, February 14, 2013 16:43:37 UTC",36.7441,140.5713,4.5,109.70,24,"near the east coast of Honshu, Japan"
nc,71937360,0,"Thursday, February 14, 2013 16:31:03 UTC",37.5600,-118.8457,1.0,9.60,13,"Central California"
ak,10656087,2,"Thursday, February 14, 2013 16:08:05 UTC",61.1321,-151.6204,1.8,75.60,25,"Southern Alaska"
nc,71937340,1,"Thursday, February 14, 2013 15:51:00 UTC",38.7870,-122.7620,1.7,1.10,33,"Northern California"
uw,60506201,2,"Thursday, February 14, 2013 15:42:22 UTC",47.6812,-120.2237,1.2,0.80,10,"Washington"
pr,13045000,0,"Thursday, February 14, 2013 15:42:02 UTC",19.1916,-64.3410,3.1,56.00, 5,"Virgin Islands region"
ci,11244570,2,"Thursday, February 14, 2013 15:39:13 UTC",32.2007,-115.2573,2.4,10.00,11,"Baja California, Mexico"
nn,00403107,9,"Thursday, February 14, 2013 15:35:33 UTC",38.0457,-118.0235,1.2,7.20, 9,"Nevada"
ak,10656076,2,"Thursday, February 14, 2013 15:31:55 UTC",63.7627,-149.2164,2.0,121.80,37,"Central Alaska"
ak,10656072,2,"Thursday, February 14, 2013 15:21:43 UTC",52.0967,-173.5134,2.5,6.80,11,"Andreanof Islands, Aleutian Islands, Alaska"
nn,00403103,9,"Thursday, February 14, 2013 15:20:38 UTC",39.0642,-118.1178,1.9,6.80,11,"Nevada"
us,c000f7a5,5,"Thursday, February 14, 2013 15:14:56 UTC",67.6140,142.6226,4.9,16.50,285,"northeastern Sakha, Russia"
us,c000f7a0,6,"Thursday, February 14, 2013 15:08:35 UTC",67.5719,142.5125,4.9,16.90,310,"northeastern Sakha, Russia"
ak,10656057,2,"Thursday, February 14, 2013 15:01:08 UTC",62.7179,-151.8650,1.9,8.50,30,"Central Alaska"
ak,10656052,2,"Thursday, February 14, 2013 14:52:36 UTC",62.9038,-151.2764,1.8,107.80,40,"Central Alaska"
ak,10656051,2,"Thursday, February 14, 2013 14:49:46 UTC",61.4292,-149.9808,1.3,45.60,17,"Southern Alaska"
ci,11244562,2,"Thursday, February 14, 2013 14:42:28 UTC",34.0163,-117.1133,1.1,4.10,39,"Greater Los Angeles area, California"
ak,10658686,2,"Thursday, February 14, 2013 14:35:34 UTC",59.7146,-152.1882,2.0,65.10,17,"Southern Alaska"
ak,10656037,2,"Thursday, February 14, 2013 14:09:26 UTC",60.1036,-153.5427,2.7,166.30,51,"Southern Alaska"
us,c000f77p,3,"Thursday, February 14, 2013 13:44:29 UTC",67.8668,142.4358,4.6,10.00,19,"northeastern Sakha, Russia"
ak,10658684,2,"Thursday, February 14, 2013 13:29:04 UTC",63.5547,-147.5995,2.1,7.40,19,"Central Alaska"
ak,10658683,2,"Thursday, February 14, 2013 13:26:29 UTC",51.8118,-167.6573,3.0,91.60, 8,"Fox Islands, Aleutian Islands, Alaska"
nc,71937310,0,"Thursday, February 14, 2013 13:26:06 UTC",38.8212,-122.7632,1.2,2.20,11,"Northern California"
us,c000f76f,B,"Thursday, February 14, 2013 13:13:53 UTC",67.5802,142.5926,6.6,10.10,654,"northeastern Sakha, Russia"
uu,60013297,2,"Thursday, February 14, 2013 12:46:48 UTC",38.7878,-110.3485,1.1,6.00, 5,"Utah"
nn,00403090,9,"Thursday, February 14, 2013 12:44:26 UTC",38.0423,-118.0260,1.6,5.10,19,"Nevada"
ci,11244522,0,"Thursday, February 14, 2013 12:35:57 UTC",33.5037,-116.4457,1.2,8.10,52,"Southern California"
ci,11244514,0,"Thursday, February 14, 2013 12:21:38 UTC",34.4968,-119.1075,1.8,18.50,25,"Southern California"
ci,11244506,0,"Thursday, February 14, 2013 12:21:01 UTC",34.5037,-119.1083,2.0,18.20,39,"Southern California"
ak,10656012,2,"Thursday, February 14, 2013 12:13:36 UTC",63.2083,-151.3447,1.4,10.10,16,"Central Alaska"
ak,10656009,2,"Thursday, February 14, 2013 11:35:09 UTC",61.1028,-152.3822,2.1,118.20,24,"Southern Alaska"
us,c000f75j,6,"Thursday, February 14, 2013 11:15:22 UTC",-0.4976,98.4356,4.8,22.90,34,"Kepulauan Batu, Indonesia"
ak,10656007,3,"Thursday, February 14, 2013 11:13:50 UTC",51.2258,-179.9750,3.2,33.50,15,"Andreanof Islands, Aleutian Islands, Alaska"
nn,00403086,9,"Thursday, February 14, 2013 11:09:57 UTC",38.0243,-118.0637,1.4,8.30,13,"Nevada"
ci,11244498,0,"Thursday, February 14, 2013 11:01:38 UTC",33.7553,-116.0902,1.1,6.90,37,"Southern California"
nn,00403084,9,"Thursday, February 14, 2013 10:54:14 UTC",37.9318,-118.0456,1.1,0.00, 5,"Nevada"
nn,00403081,9,"Thursday, February 14, 2013 10:35:00 UTC",38.0388,-118.0202,2.0,6.40,13,"Nevada"
ak,10656000,2,"Thursday, February 14, 2013 10:18:47 UTC",63.1250,-151.4973,1.8,9.60,23,"Central Alaska"
ak,10658678,2,"Thursday, February 14, 2013 10:01:00 UTC",63.0677,-150.4124,1.5,89.00,19,"Central Alaska"
ak,10655995,2,"Thursday, February 14, 2013 09:42:46 UTC",59.2402,-136.3502,1.9,1.70, 9,"Southeastern Alaska"
nn,00403080,9,"Thursday, February 14, 2013 09:31:42 UTC",38.0446,-118.0678,1.3,0.00,13,"Nevada"
ak,10655993,2,"Thursday, February 14, 2013 09:30:10 UTC",60.8892,-151.1428,1.8,61.30,19,"Kenai Peninsula, Alaska"
nn,00403079,9,"Thursday, February 14, 2013 09:12:14 UTC",38.0383,-118.0227,1.5,7.10,14,"Nevada"
nc,71937225,0,"Thursday, February 14, 2013 09:10:23 UTC",38.7565,-122.7222,1.2,1.20,13,"Northern California"
nc,71937220,2,"Thursday, February 14, 2013 09:07:49 UTC",37.2215,-122.0478,1.4,10.30,44,"Northern California"
nn,00403078,9,"Thursday, February 14, 2013 09:01:50 UTC",38.0634,-118.0232,1.4,0.00,12,"Nevada"
nn,00403077,9,"Thursday, February 14, 2013 08:56:41 UTC",38.0256,-117.8674,1.7,8.00,10,"Nevada"
us,c000f73z,6,"Thursday, February 14, 2013 08:40:15 UTC",-24.9938,-68.3004,4.3,96.60,38,"Salta, Argentina"
nn,00403074,9,"Thursday, February 14, 2013 08:08:16 UTC",38.0446,-118.0455,1.7,0.00,20,"Nevada"
nc,71937195,0,"Thursday, February 14, 2013 08:04:02 UTC",35.7228,-121.1028,1.1,6.70, 8,"Central California"
nn,00403073,9,"Thursday, February 14, 2013 08:01:58 UTC",38.0446,-118.0901,1.8,0.00,22,"Nevada"
nn,00403072,9,"Thursday, February 14, 2013 07:54:06 UTC",38.0634,-118.0455,1.3,0.00,17,"Nevada"
ci,11244490,0,"Thursday, February 14, 2013 07:46:32 UTC",32.8777,-116.2622,1.3,5.30,48,"Southern California"
ci,11244482,0,"Thursday, February 14, 2013 07:42:47 UTC",34.7792,-118.6337,1.6,9.90,23,"Southern California"
ci,11244474,0,"Thursday, February 14, 2013 07:40:57 UTC",34.7853,-118.6297,3.0,8.90,112,"Southern California"
nn,00403070,9,"Thursday, February 14, 2013 07:37:52 UTC",38.0258,-118.0901,1.5,0.00,16,"Nevada"
nn,00403068,9,"Thursday, February 14, 2013 07:29:12 UTC",38.0258,-118.0901,1.8,0.00,28,"Nevada"
ak,10655970,2,"Thursday, February 14, 2013 07:19:33 UTC",62.0590,-145.1571,1.6,11.90,18,"Central Alaska"
ci,11244458,2,"Thursday, February 14, 2013 07:13:55 UTC",36.4335,-117.4867,1.3,6.10,25,"Central California"
nn,00403066,9,"Thursday, February 14, 2013 07:10:31 UTC",38.0418,-118.0376,2.1,9.70,22,"Nevada"
nn,00403062,9,"Thursday, February 14, 2013 06:47:10 UTC",38.0236,-118.0450,1.2,7.30,16,"Nevada"
ak,10658674,2,"Thursday, February 14, 2013 06:45:04 UTC",68.1118,-136.6271,2.4,9.40,10,"northern Yukon Territory, Canada"
ak,10658673,2,"Thursday, February 14, 2013 06:39:56 UTC",62.3510,-148.6499,1.1,48.80,12,"Central Alaska"
us,c000f737,8,"Thursday, February 14, 2013 06:30:29 UTC",-11.3138,165.7186,4.8,10.00,27,"Santa Cruz Islands"
nc,71937140,0,"Thursday, February 14, 2013 06:13:20 UTC",37.8835,-118.4687,1.5,9.00, 8,"Central California"
nn,00403057,9,"Thursday, February 14, 2013 06:05:51 UTC",38.0455,-118.0490,1.0,9.10,11,"Nevada"
nc,71937130,3,"Thursday, February 14, 2013 06:05:36 UTC",38.8065,-122.8207,2.4,2.20,70,"Northern California"
ak,10658672,2,"Thursday, February 14, 2013 06:01:08 UTC",62.2883,-152.4033,1.7,119.10,17,"Central Alaska"
ak,10655949,2,"Thursday, February 14, 2013 05:37:58 UTC",61.5802,-146.5173,1.8,24.00,27,"Southern Alaska"
ak,10655950,2,"Thursday, February 14, 2013 05:34:40 UTC",60.2921,-152.6145,2.0,105.80,23,"Southern Alaska"
ak,10658669,2,"Thursday, February 14, 2013 05:25:48 UTC",54.4230,-161.4714,2.1,25.60, 6,"Alaska Peninsula"
ak,10658668,2,"Thursday, February 14, 2013 05:23:04 UTC",52.8211,-167.9483,2.4,25.20, 9,"Fox Islands, Aleutian Islands, Alaska"
uw,60506131,2,"Thursday, February 14, 2013 05:16:15 UTC",47.8765,-121.6490,1.9,8.90,19,"Washington"
ak,10658667,2,"Thursday, February 14, 2013 05:13:26 UTC",51.2014,179.8618,2.1,4.70, 6,"Rat Islands, Aleutian Islands, Alaska"
ak,10655941,2,"Thursday, February 14, 2013 04:58:01 UTC",62.9594,-149.3744,1.3,71.60,17,"Central Alaska"
uu,60013287,3,"Thursday, February 14, 2013 04:36:16 UTC",37.8107,-113.1268,1.2,5.30, 9,"Utah"
nn,00403051,9,"Thursday, February 14, 2013 04:31:05 UTC",38.0304,-118.0398,2.3,7.90,17,"Nevada"
ak,10658664,2,"Thursday, February 14, 2013 04:27:24 UTC",58.6510,-153.4901,2.0,9.40,11,"Kodiak Island region, Alaska"
ak,10655931,2,"Thursday, February 14, 2013 04:25:54 UTC",61.9667,-147.4692,1.5,40.70,15,"Southern Alaska"
nc,71937105,0,"Thursday, February 14, 2013 04:24:10 UTC",38.7785,-122.7233,1.3,2.30,22,"Northern California"
uw,60506126,1,"Thursday, February 14, 2013 04:23:10 UTC",48.4017,-124.1215,1.6,0.10,25,"Vancouver Island, Canada region"
ak,10655926,2,"Thursday, February 14, 2013 04:06:01 UTC",51.5144,-176.2388,2.3,26.10,15,"Andreanof Islands, Aleutian Islands, Alaska"
us,c000f71t,9,"Thursday, February 14, 2013 04:00:27 UTC",15.8095,-93.7129,4.5,103.60,120,"offshore Chiapas, Mexico"
nn,00403047,9,"Thursday, February 14, 2013 03:23:16 UTC",38.3865,-118.6878,1.8,7.00, 7,"Nevada"
ci,11244402,0,"Thursday, February 14, 2013 03:17:33 UTC",31.8372,-116.2157,2.7,11.30,20,"Baja California, Mexico"
ak,10658660,2,"Thursday, February 14, 2013 03:16:37 UTC",63.2654,-150.7340,1.5,126.40,22,"Central Alaska"
ak,10655917,3,"Thursday, February 14, 2013 03:09:47 UTC",52.7886,-166.7683,2.6,3.50, 9,"Fox Islands, Aleutian Islands, Alaska"
us,c000f70q,5,"Thursday, February 14, 2013 03:01:18 UTC",-7.0264,129.7578,4.6,120.90,28,"Kepulauan Babar, Indonesia"
nc,71937090,0,"Thursday, February 14, 2013 02:56:43 UTC",37.4830,-118.8450,1.0,8.00,11,"Central California"
nc,71937085,1,"Thursday, February 14, 2013 02:43:56 UTC",38.8052,-122.8228,1.8,2.40,33,"Northern California"
nn,00403042,9,"Thursday, February 14, 2013 02:41:52 UTC",38.0320,-118.0504,3.2,8.40,16,"Nevada"
nc,71937070,1,"Thursday, February 14, 2013 02:17:29 UTC",38.8173,-122.8205,1.8,2.50,33,"Northern California"
ak,10658657,2,"Thursday, February 14, 2013 02:14:39 UTC",63.2750,-150.4706,1.3,114.40,17,"Central Alaska"
ak,10655894,2,"Thursday, February 14, 2013 02:07:51 UTC",61.0046,-150.9955,2.5,56.70,43,"Southern Alaska"
ak,10655892,3,"Thursday, February 14, 2013 02:01:38 UTC",52.1035,-171.1824,3.2,23.80,12,"Fox Islands, Aleutian Islands, Alaska"
ak,10655891,2,"Thursday, February 14, 2013 01:59:12 UTC",53.7685,-166.1786,3.5,77.00,32,"Fox Islands, Aleutian Islands, Alaska"
nn,00403036,9,"Thursday, February 14, 2013 01:55:34 UTC",38.0438,-118.0402,1.6,9.10,15,"Nevada"
nc,71937045,0,"Thursday, February 14, 2013 01:46:38 UTC",38.8182,-122.7827,1.0,1.50,15,"Northern California"
nn,00403035,9,"Thursday, February 14, 2013 01:43:46 UTC",37.8165,-117.3351,1.4,0.00, 5,"Nevada"
nc,71937040,3,"Thursday, February 14, 2013 01:37:49 UTC",38.8267,-122.7967,1.9,3.60,70,"Northern California"
ak,10658653,2,"Thursday, February 14, 2013 01:32:00 UTC",63.2903,-150.4740,1.5,130.10,15,"Central Alaska"
hv,60449787,1,"Thursday, February 14, 2013 01:31:40 UTC",19.3017,-155.2180,1.8,5.50,24,"Island of Hawaii, Hawaii"
ci,11244378,0,"Thursday, February 14, 2013 01:12:02 UTC",34.6100,-116.2800,1.6,0.90,27,"Southern California"
nc,71937025,2,"Thursday, February 14, 2013 00:59:20 UTC",38.8280,-122.8515,1.1,2.30,32,"Northern California"
nc,71937020,0,"Thursday, February 14, 2013 00:59:20 UTC",38.8298,-122.8520,1.0,2.20,21,"Northern California"
nn,00403030,9,"Thursday, February 14, 2013 00:58:24 UTC",38.0258,-118.0901,1.7,0.00,17,"Nevada"
nn,00403027,9,"Thursday, February 14, 2013 00:53:20 UTC",38.0410,-118.0313,1.2,4.90,12,"Nevada"
ci,11244362,2,"Thursday, February 14, 2013 00:44:16 UTC",35.0470,-117.6675,1.7,0.00,19,"Southern California"
nn,00403024,9,"Thursday, February 14, 2013 00:44:01 UTC",38.0415,-118.0451,1.3,9.50,11,"Nevada"
hv,60449777,2,"Thursday, February 14, 2013 00:42:21 UTC",19.4323,-155.3187,2.2,2.20, 8,"Island of Hawaii, Hawaii"
nc,71936995,0,"Thursday, February 14, 2013 00:27:33 UTC",38.8217,-122.8300,1.2,2.10,20,"Northern California"
us,a000g4a5,6,"Thursday, February 14, 2013 00:16:22 UTC",-11.1068,164.7426,4.8,9.90,32,"Santa Cruz Islands region"
ak,10655784,2,"Thursday, February 14, 2013 00:15:09 UTC",64.9964,-147.3892,1.2,0.00,12,"Central Alaska"
ak,10655780,2,"Thursday, February 14, 2013 00:13:56 UTC",64.7187,-149.0208,1.2,13.20,23,"Central Alaska"
ak,10658650,2,"Thursday, February 14, 2013 00:12:24 UTC",61.5950,-151.0001,1.4,72.40,15,"Southern Alaska"
nn,00403011,9,"Thursday, February 14, 2013 00:12:12 UTC",38.0316,-118.0431,1.8,8.70, 9,"Nevada"
nc,71936980,0,"Wednesday, February 13, 2013 23:57:12 UTC",37.4843,-118.8410,1.1,5.30,19,"Central California"
ak,10655760,2,"Wednesday, February 13, 2013 23:25:09 UTC",51.3436,-178.2095,2.9,25.80,15,"Andreanof Islands, Aleutian Islands, Alaska"
us,a000g49a,8,"Wednesday, February 13, 2013 23:21:32 UTC",53.0628,160.2267,4.5,36.50,37,"near the east coast of the Kamchatka Peninsula, Russia"
nn,00403002,9,"Wednesday, February 13, 2013 22:53:45 UTC",38.0258,-118.0455,1.4,0.00,18,"Nevada"
nn,00403000,9,"Wednesday, February 13, 2013 22:47:37 UTC",38.0446,-118.0678,1.3,12.00,10,"Nevada"
nn,00402999,9,"Wednesday, February 13, 2013 22:44:52 UTC",38.0353,-118.0077,1.7,6.80,19,"Nevada"
ci,11244330,2,"Wednesday, February 13, 2013 22:43:10 UTC",32.6070,-116.9760,1.8,0.00,20,"San Diego County urban area, California"
ak,10655731,1,"Wednesday, February 13, 2013 22:41:00 UTC",64.2960,-148.1529,1.2,12.20, 7,"Central Alaska"
ak,10655732,1,"Wednesday, February 13, 2013 22:37:17 UTC",63.5195,-152.0483,1.4,19.30, 4,"Central Alaska"
ci,11244322,2,"Wednesday, February 13, 2013 22:34:26 UTC",33.7065,-117.9762,1.7,9.80,35,"Greater Los Angeles area, California"
pr,13044000,0,"Wednesday, February 13, 2013 22:31:54 UTC",18.6844,-64.9473,2.6,73.00, 6,"Virgin Islands region"
ak,10655727,1,"Wednesday, February 13, 2013 22:28:40 UTC",61.7537,-150.4472,1.6,34.50, 8,"Southern Alaska"
nc,71936945,1,"Wednesday, February 13, 2013 22:23:17 UTC",37.5577,-121.5690,1.9,6.00,20,"Northern California"
nn,00402996,9,"Wednesday, February 13, 2013 22:20:16 UTC",38.0313,-118.0400,3.8,11.10,17,"Nevada"
ak,10655718,1,"Wednesday, February 13, 2013 22:18:38 UTC",63.3202,-145.2240,1.1,6.70, 5,"Central Alaska"
nn,00402994,9,"Wednesday, February 13, 2013 22:18:29 UTC",37.9507,-118.0678,1.8,0.00,24,"Nevada"
nc,71936930,2,"Wednesday, February 13, 2013 22:13:49 UTC",37.3230,-122.1030,1.4,0.00,17,"San Francisco Bay area, California"
ci,11244290,2,"Wednesday, February 13, 2013 22:09:11 UTC",35.2250,-117.3368,1.0,9.60,15,"Southern California"
uw,60506086,1,"Wednesday, February 13, 2013 22:07:32 UTC",49.3853,-120.5177,2.5,0.00,21,"British Columbia, Canada"
ci,11244274,0,"Wednesday, February 13, 2013 22:00:42 UTC",36.1945,-118.0250,1.3,0.70,22,"Central California"
ci,11244282,2,"Wednesday, February 13, 2013 21:59:26 UTC",33.0862,-115.0038,2.0,0.00, 5,"Southern California"
nc,71936905,1,"Wednesday, February 13, 2013 21:54:09 UTC",37.5510,-118.8005,1.8,8.80,31,"Central California"
ci,11244258,0,"Wednesday, February 13, 2013 21:32:35 UTC",35.5663,-118.5323,1.6,0.80,37,"Central California"
uw,60506081,1,"Wednesday, February 13, 2013 21:32:30 UTC",45.8028,-122.4578,1.4,0.00,14,"Washington"
us,c000f6uf,4,"Wednesday, February 13, 2013 21:30:35 UTC",-2.0710,138.9725,5.1,31.90,72,"Papua, Indonesia"
ci,11244250,2,"Wednesday, February 13, 2013 21:09:44 UTC",32.3508,-115.4133,1.7,17.90,15,"Baja California, Mexico"
ci,11244234,0,"Wednesday, February 13, 2013 21:06:11 UTC",36.1033,-117.8450,1.5,3.00,23,"Central California"
us,c000f6t4,4,"Wednesday, February 13, 2013 20:49:59 UTC",-8.1898,119.5182,4.5,174.40,21,"Flores region, Indonesia"
nc,71936890,3,"Wednesday, February 13, 2013 20:40:05 UTC",36.6260,-120.8165,2.0,8.30,41,"Central California"
nn,00402978,9,"Wednesday, February 13, 2013 20:34:19 UTC",38.0446,-118.0455,1.5,0.00,11,"Nevada"
nn,00402977,9,"Wednesday, February 13, 2013 20:33:16 UTC",38.0405,-118.0118,1.3,7.50, 8,"Nevada"
hv,60449712,2,"Wednesday, February 13, 2013 19:56:57 UTC",19.4308,-155.3128,2.5,5.40,18,"Island of Hawaii, Hawaii"
us,c000f6rb,7,"Wednesday, February 13, 2013 19:52:43 UTC",37.5935,143.7509,4.8,36.80,65,"off the east coast of Honshu, Japan"
nn,00402969,9,"Wednesday, February 13, 2013 19:52:08 UTC",38.0446,-118.0455,1.9,0.00,30,"Nevada"
nn,00402968,9,"Wednesday, February 13, 2013 19:48:53 UTC",38.0446,-118.0678,1.8,0.00,31,"Nevada"
ci,11244210,3,"Wednesday, February 13, 2013 19:23:30 UTC",32.2222,-115.2773,2.7,10.00,19,"Baja California, Mexico"
uw,60506056,1,"Wednesday, February 13, 2013 19:20:42 UTC",47.8778,-121.6555,1.0,11.60,13,"Washington"
ak,10655537,1,"Wednesday, February 13, 2013 19:19:12 UTC",63.5507,-147.6521,1.9,0.00,23,"Central Alaska"
ci,11244178,2,"Wednesday, February 13, 2013 18:40:13 UTC",34.3435,-116.8808,1.5,0.00,14,"Southern California"
nc,71936850,3,"Wednesday, February 13, 2013 18:33:17 UTC",38.8353,-122.7728,1.9,2.90,57,"Northern California"
nn,00402945,9,"Wednesday, February 13, 2013 18:18:18 UTC",38.0413,-118.0381,2.5,8.20,22,"Nevada"
nn,00402944,9,"Wednesday, February 13, 2013 18:12:56 UTC",38.0360,-118.0234,2.5,8.20,18,"Nevada"
nn,00402942,9,"Wednesday, February 13, 2013 18:06:57 UTC",38.0402,-118.0246,2.5,6.90,18,"Nevada"
nn,00402941,9,"Wednesday, February 13, 2013 18:01:34 UTC",38.0260,-118.0533,1.7,11.70,20,"Nevada"
nn,00402939,9,"Wednesday, February 13, 2013 17:59:43 UTC",38.0067,-118.1167,1.9,11.20, 8,"Nevada"
nn,00402936,9,"Wednesday, February 13, 2013 17:42:32 UTC",38.0305,-118.0365,1.6,11.00,14,"Nevada"
nn,00402934,9,"Wednesday, February 13, 2013 17:37:10 UTC",38.0418,-118.0428,1.6,6.80,11,"Nevada"
nn,00402933,9,"Wednesday, February 13, 2013 17:33:30 UTC",38.0395,-118.0403,1.9,11.20,27,"Nevada"
ak,10655480,1,"Wednesday, February 13, 2013 17:10:13 UTC",59.4139,-153.1984,2.4,109.50,12,"Southern Alaska"
nn,00402930,9,"Wednesday, February 13, 2013 17:05:15 UTC",38.0322,-118.0521,3.5,8.80,26,"Nevada"
nn,00402928,9,"Wednesday, February 13, 2013 17:03:13 UTC",37.9469,-118.0381,1.0,8.10,14,"Nevada"
nc,71936785,0,"Wednesday, February 13, 2013 17:00:27 UTC",36.8478,-121.5823,1.3,3.50,14,"Central California"
nn,00402925,9,"Wednesday, February 13, 2013 16:38:51 UTC",38.0263,-118.0410,1.6,10.50,23,"Nevada"
nn,00402923,9,"Wednesday, February 13, 2013 16:22:56 UTC",38.0242,-118.0538,1.7,7.10,28,"Nevada"
ak,10655456,1,"Wednesday, February 13, 2013 15:59:57 UTC",63.0931,-150.8464,1.6,115.20,19,"Central Alaska"
us,c000f6mt,7,"Wednesday, February 13, 2013 15:55:38 UTC",-10.7366,164.3072,5.0,10.00,72,"Santa Cruz Islands region"
ak,10655452,1,"Wednesday, February 13, 2013 15:54:33 UTC",62.5332,-149.1942,1.5,51.00,13,"Central Alaska"
ci,11244106,0,"Wednesday, February 13, 2013 15:52:41 UTC",33.8795,-116.8403,1.2,16.30,53,"Southern California"
nn,00402921,9,"Wednesday, February 13, 2013 15:43:52 UTC",38.0302,-118.0072,1.2,6.40, 9,"Nevada"
ak,10655440,1,"Wednesday, February 13, 2013 15:19:34 UTC",61.6057,-146.5024,1.8,30.70,11,"Southern Alaska"
ci,11244082,0,"Wednesday, February 13, 2013 14:36:11 UTC",32.6617,-115.9608,1.6,4.90,20,"Southern California"
nn,00402911,9,"Wednesday, February 13, 2013 14:17:11 UTC",38.0328,-118.0097,2.2,11.10,12,"Nevada"
ci,11244066,0,"Wednesday, February 13, 2013 14:15:45 UTC",35.5625,-118.5232,1.3,0.10,10,"Central California"
nn,00402906,9,"Wednesday, February 13, 2013 14:09:30 UTC",38.0348,-118.0418,1.1,6.50, 8,"Nevada"
uu,60013207,3,"Wednesday, February 13, 2013 14:08:25 UTC",37.8022,-113.1265,1.3,1.80, 7,"Utah"
nn,00402905,9,"Wednesday, February 13, 2013 14:03:04 UTC",38.0397,-118.1090,1.1,10.60,12,"Nevada"
nn,00402899,9,"Wednesday, February 13, 2013 13:42:21 UTC",38.0459,-118.0418,1.3,4.80,13,"Nevada"
ak,10655412,1,"Wednesday, February 13, 2013 13:31:13 UTC",63.8589,-149.2987,2.5,81.70,10,"Central Alaska"
ci,11244050,0,"Wednesday, February 13, 2013 13:22:14 UTC",33.5040,-116.4553,1.3,6.70,47,"Southern California"
nc,71936735,3,"Wednesday, February 13, 2013 13:14:18 UTC",35.0972,-120.6977,1.2,5.30,22,"offshore Central California"
nn,00402896,9,"Wednesday, February 13, 2013 13:13:24 UTC",37.7563,-117.2533,1.6,2.10, 5,"Nevada"
nc,71936715,4,"Wednesday, February 13, 2013 13:03:06 UTC",37.6313,-119.0227,1.2,5.20,21,"Long Valley area, California"
us,c000f6l4,6,"Wednesday, February 13, 2013 12:50:30 UTC",-11.0413,164.7472,5.2,9.80,109,"Santa Cruz Islands region"
nn,00402893,9,"Wednesday, February 13, 2013 12:41:57 UTC",38.0298,-118.0310,1.8,3.60,14,"Nevada"
ak,10655399,1,"Wednesday, February 13, 2013 12:39:48 UTC",63.3477,-149.4953,1.8,76.70,14,"Central Alaska"
nn,00402891,9,"Wednesday, February 13, 2013 12:23:01 UTC",38.0090,-118.0727,1.0,7.30, 7,"Nevada"
ak,10655390,1,"Wednesday, February 13, 2013 12:02:02 UTC",61.9275,-152.0603,2.3,117.60,30,"Southern Alaska"
ak,10655389,1,"Wednesday, February 13, 2013 11:56:42 UTC",63.9500,-148.8661,1.4,0.00, 9,"Central Alaska"
nn,00402889,9,"Wednesday, February 13, 2013 11:44:01 UTC",38.0323,-118.0399,1.4,5.80,14,"Nevada"
nn,00402887,9,"Wednesday, February 13, 2013 11:28:46 UTC",38.0273,-118.0410,2.1,3.00,29,"Nevada"
ak,10655380,1,"Wednesday, February 13, 2013 11:17:44 UTC",63.2712,-150.4416,1.5,121.40, 9,"Central Alaska"
nc,71936815,2,"Wednesday, February 13, 2013 11:16:21 UTC",37.5020,-119.3538,1.1,10.50,14,"Central California"
us,c000f6jw,5,"Wednesday, February 13, 2013 11:08:53 UTC",-10.7993,164.6113,5.2,10.20,60,"Santa Cruz Islands region"
us,c000f6jp,7,"Wednesday, February 13, 2013 11:00:22 UTC",-2.9150,101.3215,5.5,30.40,118,"southern Sumatra, Indonesia"
nn,00402881,9,"Wednesday, February 13, 2013 10:38:51 UTC",38.0397,-118.0210,2.4,5.80,38,"Nevada"
nn,00402880,9,"Wednesday, February 13, 2013 10:35:53 UTC",38.0330,-118.0880,1.5,12.30,15,"Nevada"
ci,11244018,2,"Wednesday, February 13, 2013 10:35:44 UTC",32.2192,-115.2827,3.1,10.00,16,"Baja California, Mexico"
nn,00402879,9,"Wednesday, February 13, 2013 10:33:28 UTC",38.0272,-118.0423,1.9,6.50,32,"Nevada"
nn,00402877,9,"Wednesday, February 13, 2013 10:30:27 UTC",38.0198,-118.0535,1.8,10.30,16,"Nevada"
nn,00402876,9,"Wednesday, February 13, 2013 10:28:09 UTC",38.0298,-118.0247,1.4,7.20,18,"Nevada"
nc,71936625,3,"Wednesday, February 13, 2013 10:25:24 UTC",38.8378,-122.7820,2.0,2.20,69,"Northern California"
nn,00402872,9,"Wednesday, February 13, 2013 10:13:07 UTC",38.0193,-118.0632,1.2,12.50, 9,"Nevada"
us,c000f6iy,A,"Wednesday, February 13, 2013 10:08:49 UTC",-10.7333,164.1990,5.2,10.10,118,"Santa Cruz Islands region"
nn,00402871,9,"Wednesday, February 13, 2013 10:03:13 UTC",38.0487,-118.0288,2.5,4.40,32,"Nevada"
nn,00402869,9,"Wednesday, February 13, 2013 09:53:35 UTC",38.0317,-118.0549,4.0,5.30,15,"Nevada"
us,c000f6ih,5,"Wednesday, February 13, 2013 09:30:27 UTC",-19.8774,-177.8386,4.2,567.80,56,"Fiji region"
nn,00402865,9,"Wednesday, February 13, 2013 09:21:06 UTC",38.0257,-118.0760,1.7,13.90,27,"Nevada"
ci,11243970,2,"Wednesday, February 13, 2013 09:08:06 UTC",34.0487,-117.2527,1.5,17.70,96,"Greater Los Angeles area, California"
ak,10655345,1,"Wednesday, February 13, 2013 08:54:21 UTC",61.5939,-146.4026,1.8,30.70,11,"Southern Alaska"
ci,11243954,2,"Wednesday, February 13, 2013 08:38:06 UTC",36.0332,-117.7732,1.2,1.30,33,"Central California"
ak,10655340,1,"Wednesday, February 13, 2013 08:33:11 UTC",63.0788,-149.0720,1.0,65.00, 6,"Central Alaska"
nn,00402858,9,"Wednesday, February 13, 2013 08:31:05 UTC",38.0414,-118.0595,1.1,9.20,11,"Nevada"
nn,00402856,9,"Wednesday, February 13, 2013 08:13:55 UTC",38.0277,-118.0424,1.6,9.10,11,"Nevada"
nn,00402854,9,"Wednesday, February 13, 2013 08:10:36 UTC",37.8045,-118.4098,1.5,25.90, 8,"Central California"
nn,00402853,9,"Wednesday, February 13, 2013 08:07:21 UTC",38.0110,-118.1028,1.7,2.80, 6,"Nevada"
nn,00402852,9,"Wednesday, February 13, 2013 08:05:54 UTC",38.0303,-118.0461,1.0,10.30,11,"Nevada"
ci,11243938,2,"Wednesday, February 13, 2013 07:37:32 UTC",34.1067,-116.9408,1.1,7.10,75,"Southern California"
nn,00402848,9,"Wednesday, February 13, 2013 07:24:59 UTC",38.0346,-118.0536,1.8,11.10,13,"Nevada"
nn,00402844,9,"Wednesday, February 13, 2013 07:16:25 UTC",38.0248,-118.0384,1.3,5.90, 9,"Nevada"
ak,10655320,1,"Wednesday, February 13, 2013 07:08:21 UTC",63.3203,-145.3263,1.0,0.00, 6,"Central Alaska"
ak,10655314,1,"Wednesday, February 13, 2013 06:44:49 UTC",64.5915,-147.9991,1.7,14.50,18,"Central Alaska"
nc,71936515,0,"Wednesday, February 13, 2013 06:39:46 UTC",38.4995,-122.4500,1.7,7.90,17,"Northern California"
ci,11243922,2,"Wednesday, February 13, 2013 06:34:51 UTC",36.0790,-117.8388,1.2,1.70,36,"Central California"
ak,10655306,1,"Wednesday, February 13, 2013 06:12:57 UTC",62.7376,-151.7748,1.7,4.50,12,"Central Alaska"
nn,00402827,9,"Wednesday, February 13, 2013 06:12:02 UTC",38.0427,-118.0468,1.0,9.20, 9,"Nevada"
nn,00402826,9,"Wednesday, February 13, 2013 06:07:54 UTC",38.0070,-118.0901,1.8,0.00,33,"Nevada"
nn,00402825,9,"Wednesday, February 13, 2013 06:06:20 UTC",38.0240,-118.1025,1.3,11.60, 9,"Nevada"
uw,60505981,1,"Wednesday, February 13, 2013 06:04:47 UTC",48.0295,-122.5820,1.2,48.20,16,"Puget Sound region, Washington"
nn,00402824,9,"Wednesday, February 13, 2013 06:03:55 UTC",38.0070,-118.2014,1.2,12.00, 9,"Nevada"
ak,10655297,1,"Wednesday, February 13, 2013 05:56:11 UTC",63.0528,-151.5852,1.2,12.40, 5,"Central Alaska"
ak,10655294,1,"Wednesday, February 13, 2013 05:54:09 UTC",60.9208,-153.6973,1.8,0.00, 9,"Southern Alaska"
nn,00402819,9,"Wednesday, February 13, 2013 05:50:10 UTC",38.0258,-118.1346,1.3,12.00,13,"Nevada"
nn,00402815,9,"Wednesday, February 13, 2013 05:38:00 UTC",38.0213,-118.0546,3.6,7.50,12,"Nevada"
us,c000f6gj,6,"Wednesday, February 13, 2013 05:21:17 UTC",-2.9880,130.1885,5.3,24.00,132,"Ceram Sea, Indonesia"
nn,00402813,9,"Wednesday, February 13, 2013 05:18:55 UTC",38.0317,-118.0275,2.2,6.10,32,"Nevada"
nn,00402810,9,"Wednesday, February 13, 2013 05:10:42 UTC",38.0302,-118.0302,2.6,8.10,46,"Nevada"
ci,11243866,2,"Wednesday, February 13, 2013 05:09:08 UTC",36.0765,-117.8388,1.0,0.00,36,"Central California"
ci,11243858,2,"Wednesday, February 13, 2013 05:07:27 UTC",33.5388,-116.6873,1.0,9.10,59,"Southern California"
nn,00402804,9,"Wednesday, February 13, 2013 04:59:03 UTC",38.0446,-118.0901,1.7,0.00,18,"Nevada"
nn,00402802,9,"Wednesday, February 13, 2013 04:54:09 UTC",38.0360,-118.0577,2.0,13.60,25,"Nevada"
ci,11243850,3,"Wednesday, February 13, 2013 04:53:05 UTC",34.4555,-117.9060,1.0,11.00,25,"Southern California"
nn,00402800,9,"Wednesday, February 13, 2013 04:53:03 UTC",38.0634,-118.0678,1.7,0.00,14,"Nevada"
nc,71936450,0,"Wednesday, February 13, 2013 04:50:15 UTC",36.5445,-121.0528,1.3,8.70, 7,"Central California"
nc,71936445,3,"Wednesday, February 13, 2013 04:48:06 UTC",36.5578,-121.0705,2.0,7.30,59,"Central California"
nn,00402799,9,"Wednesday, February 13, 2013 04:40:00 UTC",38.0634,-118.0901,1.5,0.00,14,"Nevada"
nn,00402798,9,"Wednesday, February 13, 2013 04:38:32 UTC",38.0446,-118.0455,1.6,0.00,16,"Nevada"
nn,00402797,9,"Wednesday, February 13, 2013 04:33:30 UTC",38.0258,-118.0678,1.4,0.00,19,"Nevada"
ak,10655256,1,"Wednesday, February 13, 2013 04:31:31 UTC",63.2706,-151.3522,1.3,6.40, 7,"Central Alaska"
